Chamber Pressure,OF,Adiabatic flame temperature,cp mass,cv mass,cp molar,cv molar,Isentropic exponent,Molecular weight,Specific gas constant,Specifc impulse,Vacuum specific Impulse,Characteristic velocityThrust coefficient,Vacuum thrust coefficient
bar,-,K,J/kg-K,J/mol-K,J/kg-K,J/mol-K,-,g/mol,J/kg-K,sec,sec,m/s,-,-
5.0,1.0,1042.8645317647238,1690.1792303803527,1396.5097890103348,47852.89188897943,39538.42927082619,1.2102881366682956,28.312318024527354,293.66944137001803,94.22665526763087,191.45849959585206,850.7104001191918,1.086207278941042,2.207057178093273
5.0,1.1414141414141414,1066.4425150568652,1754.1910453342116,1448.4772145976835,47708.52478735354,39394.062169200304,1.2110587779052089,27.196880815375515,305.71383073652817,97.20079268925537,197.24295138289074,877.537274811408,1.0862377940936379,2.2042284068157962
5.0,1.2828282828282829,1233.960979576207,1784.9655273275425,1471.5375139121413,47350.678677172036,39036.2160590188,1.212993559764671,26.527503165882234,313.42801341540144,105.814577112626,214.0227559409926,955.2354691043138,1.086314899523707,2.1972030221163577
5.0,1.4242424242424243,1358.911287577583,1784.378781008686,1461.8092710860053,45993.65474709238,37679.19212893915,1.2206645670560277,25.775723874665655,322.5695099226807,112.42883152465149,224.56051745302113,1014.6533632511059,1.0866274538710268,2.170382988161124
5.0,1.5656565656565657,1448.6840833272715,1769.1364674417562,1436.7796450152957,44257.912076442684,35943.44945828944,1.2313206646402082,25.016675022499218,332.35682242646044,117.51438990881299,230.8669863756207,1060.1089806778652,1.0870792652490948,2.1356594210651734
5.0,1.7070707070707072,1526.5816806822454,1749.501265633219,1408.0611177062801,42602.379836807464,34287.91721865423,1.2424895792045887,24.351156911788713,341.44014792693895,121.93217809112518,235.67389309424019,1099.46200222006,1.0875739151174422,2.102093004620312
5.0,1.8484848484848484,1606.6744585823142,1730.1218909689453,1381.0646747629216,41211.105570782485,32896.64295262925,1.2527450180897168,23.819770032331324,349.0572162060238,126.16286845557829,240.4344075004803,1137.1162500555981,1.0880462695695392,2.0735400467624134
5.0,1.9898989898989898,1699.6521007121914,1713.415815596675,1358.751922631745,40167.97884057453,31853.516222421287,1.261021814988852,23.44321703753303,354.6638929649301,130.54163338721386,246.09666343442095,1176.1571904719124,1.0884396400646692,2.0519228756326666
5.0,2.1313131313131315,1810.284848691381,1699.9932527699368,1341.87488257806,39468.878247421955,31154.415629268715,1.2668791068686274,23.21707935199867,358.11837019187686,135.19078726665853,252.98302389874627,1217.7267203320434,1.0887243515417588,2.0373339353514037
5.0,2.2727272727272725,1932.074651222271,1688.4048393898706,1328.370830697305,38991.257999194626,30676.795381041386,1.2710342627017577,23.093547879953174,360.0340086925656,139.90137981819836,260.46211794675366,1259.919912378122,1.08892942552557,2.0273199938092237
5.0,2.4141414141414144,2054.90081091343,1677.0125721501279,1315.792327254367,38600.988007576874,30286.525389423634,1.2745267907508708,23.017709377149068,361.22024489576097,144.4000586107975,267.70588179810386,1300.2258389774793,1.0891037482297756,2.019109147838468
5.0,2.5555555555555554,2173.0994849675667,1665.2415798357763,1303.1106879898857,38233.658540324606,29919.195922171366,1.277897261670454,22.95982697242952,362.13089184589074,148.56634627128625,274.329650294375,1337.5318215361376,1.0892736428416596,2.0113576527619434
5.0,2.696969696969697,2284.5067676297645,1653.1298682305132,1290.1762132819345,37869.53597230615,29555.073354152908,1.2813209941495525,22.907780386813265,362.9536549485787,152.38011459926125,280.24897512967067,1371.6475017073865,1.0894478712458826,2.00365152747654
5.0,2.8383838383838382,2388.399982542322,1640.8747490130372,1277.1069754445887,37504.674006460154,29190.211388306914,1.284837355493899,22.85651237488948,363.7677735684486,155.8560348383126,285.4864944473738,1402.7033605386457,1.0896285180782732,1.9959074808926462
5.0,2.9797979797979797,2484.670886895611,1628.6759421820068,1264.0656946521588,37139.83721000397,28825.37459185073,1.2884424829123935,22.80369977114425,364.61024752984787,159.0199981448027,290.09891104162824,1430.9334715473672,1.089815491645733,1.988141686901766
5.0,3.121212121212121,2573.5867938046918,1616.701239913842,1251.2038097851528,36777.28190661365,28462.81928846041,1.2921166218247446,22.748347683937943,365.49743012868936,161.90296421509956,294.15661389451526,1456.6185873982686,1.0900078563846378,1.9804024077443108
5.0,3.2626262626262625,2660.1987397204316,1609.6086439010035,1246.1746601330499,36823.82907844981,28509.36646029657,1.291639683741564,22.8775045524138,363.4339837679535,164.15707042442932,298.4087213470869,1476.9324427235144,1.0899827833080475,1.981397254570457
5.0,3.404040404040404,2742.2062006770916,1607.1233692884298,1248.6093864455418,37271.53700045485,28957.074382301613,1.2871306164560254,23.1914597925094,358.51398284288797,165.70474388181628,302.7394270325194,1491.1791963602054,1.089747248724412,1.9909475731388262
5.0,3.5454545454545454,2813.7499102101615,1604.1997062076655,1250.1592441475702,37673.82522241772,29359.36260426448,1.2831962917664144,23.484498268285307,354.0404620600954,166.951205336033,306.38414374626126,1502.6763864743582,1.0895439979927748,1.9995004182629073
5.0,3.686868686868687,2874.590243363908,1600.8345845808037,1250.8418115405154,38029.583284600616,29715.120666447376,1.279805783442147,23.756098007189845,349.9927730402883,167.909327416044,309.353849771824,1511.5407599009588,1.0893705610773212,2.0070414317266825
5.0,3.8282828282828283,2924.6325770619133,1597.0154970703604,1250.6658437968879,38337.921015669555,30023.458397516315,1.27693220774463,24.00597933207187,346.34965327347254,168.59219896869848,311.6624957355162,1517.891108872571,1.089224831973889,2.0135601269018863
5.0,3.9696969696969697,2964.3992358246633,1592.7651852825934,1249.6845525792269,38600.21618876446,30285.75357061122,1.274533786942698,24.234718680089614,343.0806327033665,169.02527068879706,313.35638308380663,1521.958894486318,1.089104099200882,2.0190928843751617
5.0,4.111111111111111,2995.1165018699717,1588.1565140045489,1248.0126090544534,38820.827818169266,30506.365200016025,1.2725484522210098,24.443955917343594,340.14390495009536,169.247962294707,314.5196852193688,1524.103062279324,1.0890047861692462,2.0237374672312316
5.0,4.252525252525253,3018.3822948849515,1583.2917248519193,1245.7991517732048,39005.95423426494,30691.491616111696,1.2709044813510633,24.63598692648574,337.4925730787144,169.3053383508656,315.254950849306,1524.7342777497158,1.0889229819040351,2.0276286883961756
5.0,4.393939393939394,3035.771713592133,1578.2734580565814,1243.1912325378944,39162.016570476306,30847.553952323065,1.2695339355270696,24.813201014416567,335.0822255186868,169.23904831178504,315.6603282340418,1524.232320665658,1.0888550850318943,2.0309045516922763
5.0,4.535353535353535,3048.6200244805495,1573.1877414920127,1240.3127465142654,39294.66275725118,30980.20013909794,1.2683798871802683,24.977732613136233,332.87499497774735,169.08293587575113,315.8175412230849,1522.9059742502166,1.0887981274893201,2.033685692355491
5.0,4.6767676767676765,3057.9744908735606,1568.0997068955257,1237.259456318558,39408.46487627332,31094.00225812008,1.26739763344495,25.131351471452636,330.8402505769679,168.86265067413274,315.7897927374504,1520.9894023090603,1.0887498037261105,2.0360693942030825
5.0,4.818181818181818,3064.6280262066994,1563.0558104104844,1234.1021323460714,39506.988285446154,31192.525667292914,1.2665530424447615,25.275481542192,328.953678064413,168.5970016228136,315.6243123813245,1518.6544314076255,1.0887083669402469,2.0381313213865186
5.0,4.959595959595959,3069.174132993561,1558.0878983915854,1230.8919263886482,39592.980034783235,31278.517416629995,1.2658202275831865,25.411262147440514,327.195972002937,168.2996158713796,315.3559751523684,1516.0256439624102,1.0886725000715012,2.0399296582114106
5.0,5.101010101010101,3072.057641403471,1553.2170619653393,1227.6654106301762,39668.55995546212,31354.097337308882,1.2651794605568087,25.539611253863075,325.5516513351631,167.98035616808505,315.01053524984553,1513.193284998511,1.088641204099298,2.0415092348965436
5.0,5.242424242424242,3073.614564945629,1548.4566970794274,1224.4485702676884,39735.377783213946,31420.915165060705,1.264615545870501,25.661278005487382,324.0081268117388,167.6463910572009,314.6071274495025,1510.2230128901617,1.0886137125634374,2.0429048955480673
5.0,5.383838383838384,3074.101481072137,1543.8147661250148,1221.2597605627611,39794.73249818179,31480.269880028547,1.2641166244711273,25.776882933997857,322.55500556225365,167.30296363170072,314.1600935547926,1507.1629065094849,1.088589429326227,2.0441440458445346
5.0,5.525252525252525,3073.7166619737764,1539.2954194376182,1218.1118374981936,39847.66016347117,31533.19754531793,1.26367331147449,25.886947794614706,321.18358193942464,166.95393359049612,313.6802868492765,1504.0484078568604,1.0885678840471575,2.04524852322653
5.0,5.666666666666666,3072.6151780571063,1534.9001444229382,1215.0136792842202,39894.99795769219,31580.53533953895,1.2632780771054093,25.991917521573452,319.88646513871805,166.6021582102683,313.17599903699454,1500.905797070721,1.0885487003923833,2.046235957613155
5.0,5.808080808080808,3070.9197298903537,1530.6285777000787,1211.9712727954504,39937.43088793546,31622.968269782217,1.2629248003293305,26.092176423326297,318.65730490462823,166.24976141263704,312.6536213969618,1497.7546475279735,1.0885315732106828,2.047120762624941
5.0,5.949494949494949,3068.728475536328,1526.4790805551243,1208.9884935011098,39975.526110666244,31661.063492513003,1.26260844396839,26.18806023606207,317.4905870540145,165.89832532324138,312.1181200182267,1494.6095743383366,1.0885162519793146,2.0479148630047903
5.0,6.090909090909091,3066.1207456115208,1522.4491477750696,1206.0676689099594,40009.758386052614,31695.295767899373,1.2623248156142475,26.27986520569405,316.3814788651103,165.54902804338124,311.57338082878346,1491.4814923439126,1.0885025286571068,2.04862823359798
5.0,6.232323232323232,3063.16126246651,1518.5356995896489,1203.2099890842633,40040.52916691573,31726.06654876249,1.2620703895131165,26.36785501831522,315.3257105053855,165.2027437969998,311.0224628184344,1488.378530925634,1.088490228657964,2.04926930322055
5.0,6.373737373737374,3059.9032916080887,1514.7352908969929,1200.4158080743691,40068.18107316518,31753.71845501194,1.2618421722776503,26.45226615763186,314.3194828226238,164.86011653611783,310.4677859684554,1485.3067066400379,1.0884792040602635,2.0498452606835356
5.0,6.515151515151515,3056.3910215315195,1511.044260708905,1197.6848663139554,40093.00900104647,31778.54638289323,1.2616376003475418,26.533312122992925,313.35939439494973,164.52161451577638,309.91127209837293,1482.2704221858457,1.0884693284319282,2.050362289521863
5.0,6.656565656565657,3052.6613807744006,1507.4588406235855,1195.0164571390958,40115.26873847326,31800.806120320023,1.2614544608301763,26.611186758425134,312.4423834844897,164.1875712613292,309.3544517004691,1479.272841134689,1.0884604928424495,2.0508257499281575
5.0,6.797979797979798,3048.7454401046084,1503.9752311203902,1192.4095504003055,40135.183723952316,31820.721105799075,1.2612908296612422,26.686066960061243,311.56568072008463,163.85821646848382,308.7985455356749,1476.3161707427216,1.088452602752593,2.051240321410234
5.0,6.9393939393939394,3044.669504836697,1500.5896567524585,1189.862886187589,40152.95039939605,31838.487781242813,1.2611450228189414,26.758114864188883,310.7267705648694,163.5336996053168,308.2445277036526,1473.401878089288,1.0884455755643436,2.0516101157174176
5.0,7.08080808080808,3040.455973928764,1497.298404641905,1187.3750453136417,40168.742493623016,31854.279875469776,1.2610155574276853,26.827479658759003,309.92335932826325,163.21410801522862,307.693174701149,1470.5308559711714,1.0884393386703066,2.051938767167343
5.0,7.222222222222222,3036.124021250348,1494.0978512426796,1184.9445027885554,40182.71448178655,31868.251863633308,1.26090112045466,26.89429909049501,309.1533484541242,162.89948091026605,307.1451039099339,1467.7035512313453,1.0884338278860348,2.0522295055642195
5.0,7.363636363636363,3031.690141591614,1490.9844802326672,1182.5696682044806,40195.00439560014,31880.5417774469,1.2608005433594953,26.958700729955105,308.4148120281866,162.58982028894874,306.6008040542555,1464.9200649549402,1.08842898618203,2.052485215410814
5.0,7.505050505050505,3027.1685880586783,1487.954894091048,1180.2489165387758,40205.73614731466,31891.27352916142,1.2607127812111512,27.02080305456791,307.70597755227215,162.2850993778994,306.0606593052411,1462.1802300353968,1.0884247626407522,2.0527084848514763
5.0,7.646464646464646,3022.57173044912,1485.0058208701655,1177.9806112413353,40215.02143192594,31900.5588137727,1.260636895632172,27.080716362688218,307.0252096288301,161.98526937955808,305.5249687334099,1459.4836732060373,1.0884211116055338,2.052901645722294
5.0,7.787878787878787,3017.9103458361583,1482.1341175393363,1175.7631217412693,40222.96132592361,31908.498707770366,1.2605720405181113,27.13854357033656,306.370995798067,161.69026471114026,304.99396185525717,1456.829863277968,1.0884179919690171,2.053066807195983
5.0,7.929292929292929,3013.1938583485403,1479.3367707514824,1173.5948364708192,40229.64762426653,31915.18500611329,1.2605174501279133,27.1943809007265,305.74193428066303,161.40000717342792,304.4678112479226,1454.2181495656084,1.0884153665803822,2.0532058839083636
5.0,8.07070707070707,3008.430537451515,1476.6108958001332,1171.4741725082304,40235.16396924543,31920.701351092186,1.2604724290579774,27.24831848639661,305.13672329190274,161.11440925443665,303.9466428022096,1451.647792381742,1.0884132017468935,2.0533206196978466
5.0,8.212121212121211,3003.6276628613214,1473.953734206313,1169.3995825464667,40239.58680961742,31925.124191464183,1.260436343748861,27.300440899717543,304.554151659846,160.83337674815735,303.4305440863068,1449.1179872506264,1.0884114668121447,2.053412607768108
5.0,8.353535353535353,2998.791662288779,1471.362650497081,1167.3695599187938,40242.98622061723,31928.523602463993,1.2604086152455731,27.35082762024825,303.993090578287,160.55681083544982,302.9195712035794,1446.62788418431,1.088410133796964,2.0534833079196364
5.0,8.494949494949495,2993.9282274592333,1468.8351282693322,1165.3826419596578,40245.42660613663,31930.96398798339,1.26038871301481,27.399553449920653,303.45248630967444,160.284609743559,302.4137544390262,1444.1766030857873,1.0884091770930742,2.053534061300195
5.0,8.636363636363637,2989.042412180769,1466.3687656416578,1163.437411982276,40246.96730488954,31932.5046867363,1.2603761496230763,27.446688887483333,302.9313536593819,160.01667005494866,301.9131029031923,1441.763245929933,1.0884085731996969,2.053566103133605
5.0,8.777777777777779,2984.1387148047365,1463.9612711223388,1161.5325008548007,40247.66311883293,31933.200500679686,1.2603704761123544,27.492300454080492,302.428770267538,159.7528877541101,301.4176084038655,1439.386906532572,1.0884083004949803,2.053580573811394
5.0,8.919191919191919,2979.2211499018076,1461.6104586114684,1159.6665871952673,40247.56476569047,31933.10214753723,1.2603712780467986,27.536450993875416,301.94387141620103,159.49315906864015,300.9272486620324,1437.0466784176106,1.0884083390407095,2.0535785283892665
5.0,9.06060606060606,2974.2933066482065,1459.3142427578546,1157.8383974307683,40246.7192898477,31932.25667169446,1.260378171941834,27.579199949277736,301.4758453270863,159.23738104675047,300.44198987510845,1434.7416602802357,1.0884086704062836,2.0535609452040657
5.0,9.202020202020202,2969.358403273729,1457.0706343280285,1156.0467052293081,40245.17040024484,31930.7077820916,1.2603908023240382,27.620603594694703,301.02392909872043,158.98545215533264,299.9617890675977,1432.470961591131,1.0884092775237069,2.0535287329610665
5.0,9.343434343434343,2964.419328876146,1454.877735645742,1154.2903308020223,40242.95879362988,31928.496175476637,1.2604088389399104,27.660715266749335,300.5874048437197,158.73727257122977,299.4865957985689,1430.2337054234054,1.0884101445503354,2.05348273750728
5.0,9.484848484848484,2959.478684056811,1452.7337360620104,1152.5681397168432,40240.122418053914,31925.659799900674,1.2604319744765027,27.69958556007283,300.1655963451671,158.49274454543806,299.016353802435,1428.0290319010705,1.0884112567567157,2.0534237473540338
5.0,9.626262626262626,2954.5388141425456,1450.6369077435975,1150.879041759313,40236.69671634201,31922.234098188772,1.2604599224659214,27.737262509698887,299.7578659842846,158.25177262244566,298.55100227947526,1425.8561003279517,1.0884126004236754,2.0533524987764302
5.0,9.767676767676768,2949.601835734867,1448.5856014570227,1149.2219896215784,40232.71485356732,31918.25223541408,1.2604924153374581,27.773791768398272,299.3636118354444,158.01426371015552,298.0904768416119,1423.7140899586118,1.0884141627468507,2.053269680574542
5.0,9.909090909090908,2944.6696654934153,1446.5782426474468,1147.595977399293,40228.2078930107,31913.74527485746,1.2605292029044177,27.80921674819834,298.9822652481539,157.78012731397166,297.6347105953942,1421.6022022189018,1.0884159317623958,2.053175937758486
5.0,10.05050505050505,2939.744039236231,1444.6133277038323,1146.00003927836,40223.204982645,31908.74236449176,1.2605700507772322,27.843578770367934,298.61328842547243,157.54927550672508,297.1836347498607,1419.5196605492117,1.0884178962693998,2.0530718754484525
5.0,10.191919191919192,2934.8265331111506,1442.6894202317535,1144.4332478944045,40217.733501101444,31903.270882948204,1.2606147391174611,27.876917191671698,298.25617233734897,157.32162302402068,296.7371793255641,1417.4657113547032,1.0884200457688857,2.052958061928633
5.0,10.333333333333332,2929.9185796868305,1440.805147692759,1142.8947129346254,40211.81920082823,31897.356582674987,1.2606630614233791,27.909269525599377,297.91043475813365,157.09708725028557,296.2952736409913,1415.439623967355,1.0884223704045073,2.052835031639924
5.0,10.474747474747474,2925.0214837889584,1438.9591981538135,1141.3835796427772,40205.48632970052,31891.02371154728,1.260714823498836,27.940671550162236,297.5756185110362,156.87558824165845,295.85784679439683,1413.4406909271727,1.0884248609122056,2.0527032877220064
5.0,10.616161616161616,2920.136433245614,1437.1503171009886,1139.89902736534,40198.757754187856,31884.295136034616,1.260769842415506,27.971157418854112,297.2512897356486,156.65704861527283,295.42482789228734,1411.4682270589096,1.0884275085696606,2.052563304585803
5.0,10.757575757575758,2915.2645135598136,1435.377304631778,1138.44026813544,40191.655049583715,31877.192431430474,1.260827945749554,28.00075974441731,296.93703649633824,156.44139362053204,294.99614651326726,1409.5215701703519,1.0884303051590578,2.052415529799022
5.0,10.898989898989898,2910.406716967895,1433.6390126244046,1137.006545281032,40184.198598171606,31869.735980018366,1.2608889707579074,28.029509691293093,296.63246734337247,156.22855104714304,294.5717328838217,1407.6000802827134,1.0884332429270327,2.0522603861353352
5.0,11.04040404040404,2905.563950035578,1431.9343421817475,1135.5971321817694,40176.40768002397,31861.94506187073,1.260952763618414,28.057437060144622,296.3372099999779,156.0184511225334,294.15151800672487,1405.70313876059,1.0884363145477576,2.052098273469062
5.0,11.181818181818182,2900.737044106991,1430.2622407595422,1134.2113305812022,40168.30053921363,31853.837921060393,1.2610191788743947,28.08457036374128,296.0509101783401,155.81102651040277,293.7354339001009,1403.8301483396783,1.0884395130959403,2.0519295701572493
5.0,11.323232323232324,2895.9267618928166,1428.6217005599376,1132.848469974487,40159.89446129551,31845.43184314227,1.2610880787896652,28.11093688801951,295.7732305854505,155.60621225742216,293.32341377003536,1401.9805326922717,1.0884428320155524,2.0517546346553304
5.0,11.464646464646464,2891.1338021315887,1427.0117556522164,1131.5079058858444,40151.205838489164,31836.743220335924,1.2611593328064512,28.136562771438445,295.50384976637196,155.40394564020232,292.9153919539035,1400.153735087213,1.088446265093571,2.05157380687616
5.0,11.606060606060606,2886.3588076679894,1425.431480168316,1130.1890189047122,40142.25022333983,31827.787605186593,1.2612328170996823,28.16147305698609,295.2424612636039,155.20416618255095,292.5113041463428,1398.3492185776604,1.0884498064383792,2.0513874093086
5.0,11.747474747474747,2881.6023692839694,1423.8799862638762,1128.891213559727,40133.04238667057,31818.579768517327,1.2613084140977255,28.185691753401073,294.98877270414914,155.00681553989048,292.1110873854347,1396.5664649935968,1.088453450456607,2.05119574822492
5.0,11.88888888888889,2876.865031017112,1422.3564222414127,1127.61391723199,40123.59636435314,31809.133746199903,1.2613860120961808,28.2092418868715,294.7425050094227,154.81183745168605,291.71468013030494,1394.8049745409478,1.088457191834461,2.0509991146549864
5.0,12.03030303030303,2872.1472925305684,1420.8599707785932,1126.3565791837439,40113.92550928954,31799.4628911363,1.261465504829982,28.232145555700455,294.50339159484946,154.61917761269996,291.3220221996131,1393.0642646715478,1.088461025517076,2.0507977854685873
5.0,12.171717171717171,2867.449615129134,1419.3898472676253,1125.118669535624,40104.04252515933,31789.579907006093,1.2615467911962188,28.254423971230317,294.2711777320015,154.42878367890236,290.93305490589404,1391.3438701566731,1.0884649466951506,2.0505920240778526
5.0,12.313131313131313,2862.7724236377085,1417.9452982239593,1123.8996783677746,40093.959510212706,31779.496892059466,1.261629774895232,28.276097505617606,294.0456198561845,154.24060515024857,290.54772098696327,1389.6433420559415,1.0884689507876577,2.0503820813485403
5.0,12.454545454545453,2858.1161102421906,1416.5255998017788,1122.6991148223221,40083.68799031999,31769.225372166748,1.2617143641606572,28.29718573100909,293.8264849794567,154.0545933302603,290.16596464751905,1387.962247372431,1.0884730334288524,2.050168196287436
5.0,12.595959595959595,2853.4810351996866,1415.1300563426719,1121.516506272389,40073.23895804459,31758.77633989135,1.2618004714403832,28.317707463306753,293.6135500702829,153.8707011939603,289.7877314450705,1386.3001678848743,1.088477190452928,2.0499505968550107
5.0,12.737373737373737,2848.8675318216697,1413.7579990576478,1120.3513974701877,40062.62289492508,31748.16027677184,1.2618880132161994,28.33768079234859,293.40660158746,153.68888340603178,289.41296840623306,1384.6567003245661,1.08848141788537,2.0497295004283105
5.0,12.878787878787879,2844.2759072489844,1412.4087848137692,1119.203349862281,40051.849805677426,31737.387187524186,1.2619769097256255,28.35712311925219,293.2054349514882,153.50909621252268,289.04162394004766,1383.0314554187792,1.088485711929596,2.0495051145119314
5.0,13.020202020202019,2839.70644513603,1411.0817948808676,1118.0719407890645,40040.929241300066,31726.466623146825,1.2620670847754352,28.37605118750793,293.0098540918033,153.33129740034101,288.67364784403117,1381.4240575391432,1.088490068958023,2.049277637217819
5.0,13.16161616161616,2835.159405412856,1409.776433749901,1116.9567627882495,40029.87032897127,31715.40771081803,1.2621584654993163,28.394481118183243,292.81967096165135,153.15544617128947,288.30899116900736,1379.8341435833133,1.0884944855004524,2.0490472578864933
5.0,13.303030303030303,2830.6350287402,1408.4921281636418,1115.8574229607364,40018.68178779305,31704.21916963981,1.2622509822325234,28.412428431508843,292.6347052029055,152.98150317763307,287.9476063441101,1378.261363304659,1.088498958238093,2.048814157413392
5.0,13.444444444444445,2826.133536139398,1407.228326000501,1114.773542288773,40007.37195419081,31692.909336037566,1.2623445683069237,28.429908078880274,292.45478371172806,152.80943040427331,287.5894470415313,1376.7053782646988,1.0885034839937564,2.0485785087763175
5.0,13.585858585858585,2821.655131393501,1405.984495411931,1113.704755099781,39995.94880001199,31681.48618185875,1.2624391599064004,28.446934465158392,292.27974031214984,152.63919115170475,287.23446820805367,1375.1658616897123,1.0885080597249557,2.048340477410778
5.0,13.727272727272727,2817.2000001958418,1404.7601238134728,1112.650708445762,39984.419955162106,31669.957337008866,1.2625346958847061,28.463521477686342,292.10941536771094,152.47074991615779,286.88262591613653,1373.642497403247,1.0885126825152014,2.0481002216798703
5.0,13.868686868686869,2812.7683139386086,1403.5547170564887,1111.6110615393543,39972.79271860699,31658.330100453746,1.2626311176796425,28.47968250389073,291.94365551713463,152.30407242409052,286.53387746960357,1372.1349801432245,1.0885173495699414,2.04785789310173
5.0,14.01010101010101,2808.36022903388,1402.367798634258,1110.5854852830369,39961.07407857589,31646.61146042265,1.2627283691510331,28.495430455186792,291.78231335122103,152.13912553325179,286.18818128552164,1370.6430146814937,1.088522058208836,2.0476136367687525
5.0,14.15151515151515,2803.97588869852,1401.1989088785112,1109.5736617379182,39949.27072569577,31634.808107542533,1.262826396477204,28.51077778648164,291.6252471405931,151.97587721154133,285.84549690054206,1369.16631564064,1.0885268058608406,2.0473675916194845
5.0,14.292929292929292,2799.6154219396967,1400.0476041706183,1108.5752836376028,39937.389070853664,31622.926452700423,1.2629251480121388,28.525736519160994,291.47232053301553,151.814296433531,285.5057848361442,1367.7046065713082,1.0885315900573926,2.0471198908091104
5.0,14.434343434343434,2795.278946880269,1398.9134563329424,1107.5900539735076,39925.43525343427,31610.97263528103,1.2630245742224795,28.540318253920628,291.3234023594348,151.65435322004382,285.1690067034716,1366.2576203134045,1.0885364084294662,2.046870661879347
5.0,14.575757575757574,2790.966569736611,1397.7960518507216,1106.6176854966163,39913.415156610434,31598.952538457193,1.2631246275658727,28.554534192426672,291.1783663541053,151.49601853968372,284.83512506937757,1364.8250981171147,1.0885412587017835,2.0466200270753827
5.0,14.717171717171716,2786.6783860786827,1396.6949914197414,1105.6579004526827,39901.334419384024,31586.871801230784,1.2632252623961726,28.568395150342944,291.03709096705876,151.33926429531195,284.5041034720445,1363.4067895275239,1.088546138688317,2.046368103595102
5.0,14.858585858585858,2782.414481649514,1395.6098891318818,1104.710430005908,39889.1984453193,31574.73582716606,1.2633264348960824,28.581911575685222,290.8994591259738,151.1840632844826,284.1759063773292,1362.0024520328968,1.0885510462891304,2.0461150037694096
5.0,15.0,2778.1749310196046,1394.5403719901374,1103.775013968604,39877.0124175481,31562.549799394863,1.2634281029574057,28.59509356522962,290.76535802153353,151.03038910908768,283.85049905817425,1360.6118502585402,1.0885559794846704,2.0458608353733707
78.75,1.0,1112.35723669067,1702.2249592951805,1412.5070628096876,48851.26519084711,40536.802572693865,1.2051089896210507,28.698477791721697,289.7178964854928,143.55102531547672,198.43804585870362,874.009895956738,1.610685037918268,2.226533671326509
78.75,1.1414141414141414,1129.8723032260152,1767.5334481945392,1465.9262324248834,48725.92568399534,40411.463065842094,1.2057451521764146,27.567187333154465,301.6072157696558,147.55382392916042,203.79467130648905,898.5863783092129,1.6103167623769274,2.2240967163649357
78.75,1.2828282828282829,1293.7297606882194,1805.4032562561015,1497.125584998583,48692.978066173804,40378.51544802057,1.205913033847331,26.97069360955366,308.2776712575186,159.60991611948458,220.3957508947864,972.0652221355189,1.610219713934924,2.2234557324910003
78.75,1.4242424242424243,1459.2068641095223,1814.429834314012,1499.8181462042812,47951.20334310058,39636.74072494733,1.20976655663618,26.427697801403085,314.6116881097306,170.81220379769098,234.65123448796408,1041.7209486119982,1.6080078840735073,2.2089817160319787
78.75,1.5656565656565657,1582.2455039381098,1805.1316128748438,1482.9738120102816,46588.03628475333,38273.57366660009,1.217237687041724,25.80866456078372,322.15780086456203,179.12223724972569,243.71692692442363,1095.263820465176,1.6038045401508567,2.182165206925495
78.75,1.7070707070707072,1678.0616011048871,1786.496062047345,1456.3494442160597,44991.388441123876,36676.92582297063,1.2266946433374721,25.18415203757193,330.1466178312851,185.62336503416122,249.68893885810752,1138.6824464418073,1.5986400584293947,2.15039060266922
78.75,1.8484848484848484,1760.4737292964733,1764.4072193173254,1426.6026417945454,43427.765176522335,35113.30255836909,1.2367895359410315,24.61323253558505,337.8045775227796,191.11840433157047,254.1607653713704,1176.3110514756465,1.5933126680116023,2.118883153059241
78.75,1.9898989898989898,1838.463325616827,1741.905232539769,1397.2378627217781,42020.2409876093,33705.778369456064,1.2466776624179,24.123149872132867,344.66736981799096,196.09862932355938,258.0679485651531,1210.7936598757644,1.5882727891498896,2.090184423377418
78.75,2.1313131313131315,1918.2760080967785,1720.594537845775,1370.1461357161418,40821.47009083958,32507.007472686342,1.255774470324264,23.72521195025356,350.4484021296333,200.892311305424,261.9926693300423,1243.9056635582645,1.5837861683399739,2.065486544482732
78.75,2.2727272727272725,2004.3528617392208,1701.314897496266,1346.3390220791296,39849.240741549955,31534.778123396714,1.263660095708251,23.42261318007263,354.9758754171364,205.72177187741897,266.30159335283577,1276.8543213628236,1.5800090741976087,2.0452814990407275
78.75,2.4141414141414144,2098.6413215811954,1684.2918362761156,1326.0535939254064,39091.252287545496,30776.789669392256,1.270153667990331,23.209310551533804,358.23824235070924,210.68078487521126,271.12658502114743,1310.1496821723529,1.5769745603195087,2.0294196618733054
78.75,2.5555555555555554,2199.683944426573,1669.1789563138216,1308.7390506700024,38503.855477627505,30189.392859474265,1.2754100639537682,23.06754187858837,360.43990564381926,215.70882289347392,276.32864989014575,1343.4683005277218,1.5745670569207713,2.0170616257791494
78.75,2.696969696969697,2303.7404243875903,1655.3602714944577,1293.442954825042,38029.21403036521,29714.751412211972,1.2798092604852223,22.973376059117616,361.9173166694156,220.65656778366014,281.61602086275707,1376.015692759045,1.5725850670473078,2.00703361562415
78.75,2.8383838383838382,2407.219272117483,1642.3405668648334,1279.3666075690155,37620.27247344627,29305.809855293028,1.2837137980219147,22.906498951835527,362.97395929581774,225.39494526007863,286.73701398673313,1407.1161956049389,1.5708506140706322,1.9983634237143497
78.75,2.9797979797979797,2507.8766479977694,1629.872347074772,1266.066526765865,37249.301538409425,28934.838920256185,1.2873512667918325,22.85412204536321,363.80582030890713,229.85888939441872,291.55749066438153,1436.4428769854178,1.5692553555700217,1.9904740464335797
78.75,3.121212121212121,2604.705079550158,1617.9070118983618,1253.4028751387884,36905.00604373081,28590.543425577573,1.2908116328672152,22.810338154371763,364.5041367595734,234.03313039857323,296.0399889648679,1463.9275017113712,1.5677559138278059,1.9831313739160226
78.75,3.2626262626262625,2702.7138430947352,1610.990853710258,1248.852765618441,36987.33624496478,28672.873626811543,1.2899766073805214,22.959370725029004,362.1380880918171,237.72939845925782,300.91295994477514,1486.7068495223941,1.5681161394725678,1.9848890045743874
78.75,3.404040404040404,2799.3324271783176,1608.812932658903,1251.9742271186399,37485.885865272634,29171.423247119394,1.2850208077857248,23.300338469631328,356.8387055402632,240.82224079902988,306.03728052084955,1503.978103009458,1.5702751409785352,1.9955081068097942
78.75,3.5454545454545454,2888.016187325818,1606.3486237418479,1254.4407587338872,37952.90447265612,29638.44185450288,1.280529680304029,23.626816689547855,351.9078650079607,243.51988971533373,310.6090008450354,1518.9022784375672,1.5722633117210367,2.0054178608977375
78.75,3.686868686868687,2968.744748111775,1603.6240722668047,1256.2792894879433,38386.27514644925,30071.812528296006,1.2764869131293555,23.937203120297568,347.3447827788613,245.85207443940467,314.6531146454541,1531.6798045340354,1.5740791506581582,2.0145809571972295
78.75,3.8282828282828283,3041.2759909559686,1600.6556877454889,1257.5188479497501,38785.08611379801,30470.62349564477,1.2728681485412219,24.23074894290758,343.1368397957386,247.83297692044792,318.178771059491,1542.4073872928254,1.5757258965043446,2.0229855425466634
78.75,3.9696969696969697,3105.1919579670157,1597.4344839047458,1258.1586120546747,39147.520950868755,30833.058332715515,1.2696606521621356,24.506495474654535,339.27587185007116,249.46698646793598,321.181170345563,1551.123129591615,1.5772025935103489,2.0306004494940266
78.75,4.111111111111111,3160.1081868080046,1593.9421548490177,1258.1870404994977,39471.54308480522,31157.08046665198,1.2668562809359616,24.763472730002594,335.75511434952,250.7575341550276,323.65444509329984,1557.8589915801263,1.5785070315171212,2.0373897003058508
78.75,4.252525252525253,3205.9539135604277,1590.1720136005094,1257.6086925515554,39756.11538221521,31441.65276406197,1.264441016524956,25.001141412493084,332.56332104895415,251.71731964990605,325.60795944922114,1562.699587132794,1.5796405611611544,2.0433379018109137
78.75,4.393939393939394,3243.1513046161917,1586.143125224778,1256.4625914500143,40002.142591567484,31687.679973414244,1.2623878625740044,25.219755995158785,329.6805337747635,252.37408349479693,327.07632854792087,1565.8143840908726,1.5806115533554939,2.0484695439918235
78.75,4.535353535353535,3272.5728189946553,1581.8998835381053,1254.8214449319669,40212.517533681596,31898.054915528355,1.2606573548190132,25.420393510455014,327.07843860613843,252.76840058390727,328.1168085964957,1567.4439888967042,1.58143528773297,2.0528495587824636
78.75,4.6767676767676765,3295.3358352662294,1577.5006363525804,1252.776288094299,40391.39701539759,32076.93439724435,1.2592037791138642,25.604678745986813,324.7243482582815,252.94627526559086,328.79782375870167,1567.8572754955715,1.5821309943848347,2.0565680491192
78.75,4.818181818181818,3312.585095695985,1573.0049082767673,1250.4192336410376,40543.30844916619,32228.845831012946,1.2579820159166997,25.77443225754555,322.58567463572956,252.951925082087,329.1871567772234,1567.3103459819752,1.5827184465831226,2.0597217642857846
78.75,4.959595959595959,3325.354519979717,1568.46520000978,1247.8323565935189,40672.51855551546,32358.05593736222,1.2569518587349047,25.93141279466185,320.63284341626104,252.8236396158201,329.3447480574823,1566.0234783500262,1.583215692302868,2.062401182478322
78.75,5.101010101010101,3334.5131481348767,1563.9238589136944,1245.0834132907332,40782.738329103166,32468.275710949925,1.256079586491536,26.077189178142575,318.8404456229612,252.59256607031259,329.32017836411063,1564.174841103803,1.5836381093467828,2.064684613438355
78.75,5.242424242424242,3340.7635156361566,1559.4131369742577,1242.2258815300565,40877.05924839857,32562.596630245327,1.2553378255599696,26.213104326998725,317.1872554442012,252.28317378721994,329.15297410300656,1561.903665084876,1.583998323024613,2.066637069650414
78.75,5.383838383838384,3344.6629651823287,1554.9566300118183,1239.3008922517542,40958.003376799374,32643.540758646133,1.254704680464267,26.34028665898423,315.6557377600641,251.91435517279533,328.87407769264394,1559.3168874890023,1.5843065197180566,2.0683114509188005
78.75,5.525252525252525,3346.650702177421,1550.5710382767572,1236.3396181454052,41027.61248112649,32713.14986297325,1.2541627037744862,26.459679349307944,314.2314201313519,251.50059866714457,328.5075455525791,1556.4960759838705,1.5845708729847845,2.0697504936251336
78.75,5.666666666666666,3347.072990996987,1546.2677826903205,1233.3654819013382,41087.53960714266,32773.076988989415,1.2536979552132566,26.572072487764874,312.9023007889821,251.0530093022222,328.07207654723,1553.5033924254908,1.5847979513129509,2.0709887375583573
78.75,5.808080808080808,3346.204059351097,1542.0543226218235,1230.3959750036017,41139.12917329199,32824.666555138756,1.2532992255743598,26.678132261480023,311.65834761822185,250.5801226100848,327.58225611981754,1550.3863185243056,1.5849930627181703,2.0720542316415225
78.75,5.949494949494949,3344.2625484980285,1537.9351943832605,1227.4440941246498,41183.482142294466,32869.01952414123,1.252957427344206,26.778424924991576,310.49110025861074,250.08852970733466,327.04952497686133,1547.1812692193118,1.585160529439417,2.072969914981378
78.75,6.090909090909091,3341.424148221604,1533.912783739749,1224.5194288202124,41221.50749885478,32907.044880701535,1.2526651253035879,26.87343630995425,309.3933549195367,249.58334646306503,326.4829148331931,1543.9162937612082,1.5853039018257646,2.0737547039866455
78.75,6.232323232323232,3337.8312014331236,1529.9879104654335,1221.6289889085695,41253.96218006094,32939.499561907694,1.2524161790171324,26.963587030900907,308.3589215568637,249.06856484360162,325.88960424614385,1540.6130924096,1.5854261225336357,2.074424333550167
78.75,6.373737373737374,3333.5999883534796,1526.160257826602,1218.7778237423086,41281.48197801907,32967.01935986582,1.2522054701819751,27.049244511718474,307.38243408429344,248.54731492594968,325.275336822696,1537.2885155424253,1.5855296525509612,2.0749920067715872
78.75,6.515151515151515,3328.8262687907886,1522.4286977680413,1215.969493694237,41304.605403033165,32990.14278487992,1.2520286945215628,27.13073227244589,306.4592040738042,248.02206210275406,324.64473809108773,1533.9556892846958,1.5856165678776362,2.0754688959011305
78.75,6.656565656565657,3323.5895130890253,1518.791523465086,1213.2064197542454,41323.79227021363,33009.32965206039,1.2518822013592228,27.208337439186124,305.58510371084066,247.49475478000625,324.00155500665085,1530.6248555502104,1.5856886343916616,2.0758645319814892
78.75,6.797979797979798,3317.9561609648827,1515.2466290196849,1210.4901541487488,41339.438184544895,33024.97556639166,1.2517628696329623,27.282316550204214,304.7564748709363,246.96693727170623,323.34884000290015,1527.3040128861815,1.585747365921486,2.076187108172516
78.75,6.9393939393939394,3311.9821475417943,1511.7916398246675,1207.821584057078,41351.88594158563,33037.42332343239,1.2516680110538783,27.35290026235459,303.97005576758954,246.4398358486549,322.68909238146813,1523.9994034003685,1.5857940697568038,2.076443718246904
78.75,7.08080808080808,3305.714873759877,1508.424010320753,1205.201088386442,41361.43457140647,33046.97195325323,1.2515952938113213,27.420297136884823,303.2229219343111,245.91442497185838,322.0243679645748,1520.7158864220007,1.5858298826116513,2.0766405456117227
78.75,7.222222222222222,3299.194758232478,1505.1410962252576,1202.6286580506405,41368.34655501827,33053.88393686502,1.251542682065272,27.48469672296233,302.512438174617,245.39147868535815,321.3563647888098,1517.457227592903,1.5858557992221474,2.0767830140129875
78.75,7.363636363636363,3292.456468191977,1501.9402088071145,1200.1039895130002,41372.853629138786,33058.39101098555,1.2515083875494812,27.54627207297309,301.83621929411424,244.87161083253474,320.68649064313064,1514.2263244223216,1.5858726952769102,2.0768759086692166
78.75,7.505050505050505,3285.5298998907633,1498.8186542349094,1197.6265568675424,41375.16150308231,33060.698884929065,1.2514908304598318,27.605181845166435,301.192097367367,244.3553064845445,320.0159163679043,1511.0253818119666,1.5858813459924108,2.0769234746315064
78.75,7.646464646464646,3278.4409720421804,1495.7737629213477,1195.1956682369575,41375.45369060395,33060.991072450706,1.2514886078258427,27.661572034660427,300.5780946843901,243.84294705570537,319.3456186549255,1507.8560520464919,1.5858824411642858,2.076929496639885
78.75,7.787878787878787,3271.212264738986,1492.8029106924785,1192.8105098223948,41373.894676079195,33059.43205792595,1.2515004675090862,27.715577441423097,299.9924008700835,243.33483011248043,318.67641420741376,1504.719544624003,1.5858765975681142,2.076897365062166
78.75,7.929292929292929,3263.863539648277,1489.9035337182609,1190.4701802231743,41370.63253362045,33056.16991546721,1.251525286789588,27.76732291544695,299.4333534950864,242.83118518541318,318.00898727084217,1501.6167135479811,1.585864369191733,2.07683013040728
78.75,8.07070707070707,3256.412170134464,1487.073139120895,1188.1737174362877,41365.801097892196,33051.33847973896,1.2515620546880468,27.816924406519906,298.8994216846074,242.3321866500603,317.3439121788353,1498.5481282783003,1.585846255696949,2.0767305484836722
78.75,8.212121212121211,3248.8734925993567,1484.3093119174846,1185.9201199629558,41359.52179392396,33045.059175770715,1.2516098571325778,27.86448987542511,298.38919195452854,241.83796397089145,316.68167156659274,1495.5141297432665,1.5858227095335276,2.076601118440559
78.75,8.353535353535353,3241.261099953815,1481.609719371332,1183.708363309297,41351.905171724684,33037.44255357144,1.2516678645652137,27.910120074854046,297.9013560620348,241.3486101018031,316.02267140936897,1492.5148761301582,1.5857941418926556,2.0764441146557937
78.75,8.494949494949495,3233.587082881679,1478.9721133225332,1181.5374129296174,41343.052217064665,33028.58959891142,1.2517353214025002,27.953909235101715,297.4347003929158,240.86418817764977,315.3672532406059,1489.5503790097148,1.5857609277792297,2.0762616139563392
78.75,8.636363636363637,3225.862237092423,1476.3943309375404,1179.4062341107092,41333.05545033728,33018.59283218403,1.2518115372272598,27.99594565233121,296.98809682683105,240.3847371933664,314.7157044969614,1486.6205340412741,1.5857234102565387,2.076055518428241
78.75,8.777777777777779,3218.0962335909458,1473.8742945664878,1177.3137998809218,41321.999880743,33007.53726258976,1.2518958791747463,28.036312209988765,296.5604946855659,239.91027649679503,314.0682669290858,1483.7251449302416,1.5856819041224168,2.0758275752109903
78.75,8.919191919191919,3210.2977621004743,1471.4100104582283,1175.259096861008,41309.96382665302,32995.50120849977,1.2519877654112255,28.075086843937004,296.15091359722015,239.44080943456513,313.42514355318565,1480.8639426857112,1.5856366990629238,2.075579393506902
78.75,9.06060606060606,3202.474656649537,1468.9995670587716,1173.2411297401416,41297.019612106524,32982.55699395329,1.2520866596145814,28.11234294288551,295.75843731863023,238.97632652891173,312.78650466634633,1478.036602469337,1.5855880623249794,2.075312459015954
78.75,9.202020202020202,3194.633999160643,1466.6411327892554,1171.2589246194532,41283.234181160304,32968.77156300706,1.2521920661272854,28.14814971311211,295.3822081698022,238.51680794665265,312.1524927160122,1475.242756403272,1.58553624106773,2.0750281466602774
78.75,9.343434343434343,3186.7822074289093,1464.3329535246821,1169.3115314383283,41268.6696325638,32954.20701441055,1.2523035257537045,28.182572503903014,295.0214220863538,238.0622255120361,311.5232263622041,1472.4820038778873,1.5854814644045157,2.074727731652644
78.75,9.484848484848484,3178.9251142117387,1462.073349964138,1167.3980256787445,41253.38367830706,32938.92106015382,1.2524206121678718,28.215673091448473,294.67532428539386,237.61254452321455,310.8988040838333,1469.7539209470963,1.5854239451506502,2.0744123989844883
78.75,9.626262626262626,3171.0680316919243,1459.860714734038,1165.517509436642,41237.430054153236,32922.96743599999,1.252542928711271,28.24750994252626,294.34320529739597,237.16772509421244,310.2793070340748,1467.058066987373,1.5853638813842372,2.074083251915276
78.75,9.767676767676768,3163.21580924861,1457.69350952009,1163.6691120609903,41220.85887554737,32906.396257394124,1.252670105626804,28.278138447030837,294.0243974590996,236.72772335411986,309.66480156549045,1464.3939906909525,1.5853014577964168,2.073741319328523
78.75,9.909090909090908,3155.372880666467,1455.5702621754033,1161.8519904685893,41203.71695851887,32889.25434036563,1.2528017975752261,28.307611133067805,293.71827170681394,236.29249231878416,309.0553412312948,1461.761234178324,1.5852368469058193,2.0733875623603675
78.75,10.05050505050505,3147.5433096041115,1453.4895637090447,1160.0653289739507,41186.04809260269,32871.58547444944,1.2529376815309363,28.335977856974274,293.4242347350938,235.8619827798957,308.4509686851987,1459.1593374054253,1.5851702100891234,2.073022880034004
78.75,10.191919191919192,3139.730825074327,1451.4500656705977,1158.3083392532758,41167.89329388743,32853.430675734184,1.2530774548392711,28.36328597695648,293.14172641732193,235.43614389384672,307.8517171317419,1456.5878408001604,1.5851016985341961,2.072648114480721
78.75,10.333333333333332,3131.938854913927,1449.4504772374614,1156.5802597937156,41149.291024001315,32834.82840584808,1.2532208335424826,28.389580513594797,292.8702174437459,235.0149237374971,307.2576116445296,1454.0462878277474,1.5850314540628654,2.0722640554554195
78.75,10.474747474747474,3124.170551823865,1447.489562484044,1154.8803553355747,41130.277391900374,32815.81477374713,1.2533675508433473,28.414904299079367,292.6092071484691,234.59826963603052,306.6686701381833,1451.5342262190368,1.5849596098872931,2.07187144449517
78.75,10.616161616161616,3116.4288215345427,1445.5661378685907,1153.2079162489372,41110.88632565612,32796.42370750288,1.2535173558039845,28.439298105219805,292.35822161965336,234.18612864644825,306.08490446661506,1449.0512102774046,1.5848862912519406,2.071470978456927
78.75,10.757575757575758,3108.7163425998892,1443.6790696660403,1151.5622577773934,41091.149734730694,32776.68711657745,1.253670012121147,28.46280076931234,292.1168118886466,233.77844774403331,305.50632110438465,1446.5968013910722,1.5848116160387171,2.0710633128576776
78.75,10.898989898989898,3101.0355869686996,1441.8272716196407,1149.9427192935261,41071.09765206588,32756.63503391264,1.2538252970595227,28.485449304846128,291.88455232611443,233.3751740956947,304.9329218889424,1444.1705691618163,1.5847356952952196,2.0706490647969518
78.75,11.04040404040404,3093.3888346914964,1440.009702538834,1148.3486634302885,41050.75836708248,32736.295748929242,1.2539830004567694,28.507279009792246,291.6610391085457,232.97625512851772,304.36470446895146,1441.7720913058206,1.5846586337281632,2.0702288156910402
78.75,11.181818181818182,3085.7781922167906,1438.2253641511409,1146.779475250523,41030.15853756703,32715.695919413793,1.2541429238929735,28.528323557819856,291.4458889006177,232.5816387949083,303.80166295597064,1439.4009548509293,1.584580530116643,2.069803113570754
78.75,11.323232323232324,3078.2056040206367,1436.4732990155637,1145.234561442257,41009.323300043165,32694.860681889924,1.2543048798724112,28.548615089572117,291.2387375733068,232.19127359796076,303.2437882551506,1437.0567558615905,1.5845014777194726,2.069372475347657
78.75,11.464646464646464,3070.672865585702,1434.7525884896424,1143.7133494375205,40988.27636489026,32673.81374673702,1.2544686911237466,28.568184294435348,291.0392390521218,231.80510870199893,302.69106846820904,1434.7390997489308,1.584421564624716,2.0689373887651126
78.75,11.606060606060606,3063.181632104888,1433.0623508247509,1142.215286601712,40967.04010832977,32652.57749017653,1.2546341899243523,28.587060489554112,290.84706422303884,231.4230939007092,302.14348909978406,1432.4476007151216,1.5843408740873965,2.068498314284704
78.75,11.747474747474747,3055.733430960415,1431.4017392648893,1140.7398393031592,40945.63564830631,32631.173030153066,1.2548012175495562,28.605271689368177,290.66189996173,231.04517975911526,301.6010334506695,1430.1818823334545,1.584259484806177,2.0680556866398656
78.75,11.88888888888889,3048.329668793156,1429.7699404895152,1139.2864922675035,40924.082922871516,32609.620304718275,1.25496962370182,28.622844671682074,290.4834482220116,230.6713175773736,301.06368278132686,1427.941577020857,1.5841774712097407,2.0676099164415427
78.75,12.03030303030303,3040.971640283792,1428.166172943743,1137.854747755895,40902.400757284326,32587.938139131085,1.255139266027063,28.639805039616714,290.311425187848,230.30145943229584,300.5314165484228,1425.7263260337572,1.584094903700508,2.0671613915508273
78.75,12.171717171717171,3033.6605332281133,1426.5896851348111,1136.4441246927406,40880.606928550886,32566.144310397645,1.2553100096500713,28.656177283861204,290.1455604420706,229.9355580826936,300.0042124554602,1423.535778632796,1.5840118488889086,2.066710478399042
78.75,12.313131313131313,3026.397437838674,1425.0397543204256,1135.0541580402944,40858.71822141694,32544.255603263697,1.2554817267757514,28.671984832382226,289.9855962801313,229.573567083392,299.48204675407436,1421.369592571397,1.5839283697953868,2.066257523131387
78.75,12.454545454545453,3019.183350984157,1423.5156850568421,1133.6843980580543,40836.75048446172,32522.28786630848,1.2556542962885038,28.687250104189108,289.83128699878785,229.21544069813504,298.96489428116433,1419.2274333415053,1.5838445260531222,2.0658028527531274
78.75,12.595959595959595,3012.019181966004,1422.016807884504,1132.3344096225085,40814.718679759186,32500.256061605945,1.2558276034008082,28.70199455692661,289.68239826199544,228.86113389484555,298.45272858704897,1417.1089739533918,1.5837603740865898,2.065346776143163
78.75,12.737373737373737,3004.9057581173047,1420.542478098507,1131.0037715908518,40792.63692965529,32478.174311502047,1.2560015393232462,28.716238731740717,289.5387065076553,228.51060234786289,297.9455220645068,1415.0138947705707,1.5836759672794671,2.0648895850083804
78.75,12.878787878787879,2997.8438273456845,1419.0920744863104,1129.6920761220251,40770.518561585675,32456.055943432435,1.2561760009486207,28.730002298366706,289.3999983642854,228.16380232650786,297.44324592362716,1412.9418826493652,1.5835913561354247,2.064431554797926
78.75,13.020202020202019,2990.8340652682496,1417.6649983112688,1128.3989281501122,40748.376147110685,32433.913528957444,1.2563508905803173,28.743304092046003,289.2660701611567,227.82069078961925,296.94587042072783,1410.8926313752434,1.5835065884172295,2.063972945498316
78.75,13.16161616161616,2983.877077912465,1416.2606723114218,1127.1239448857882,40726.221543482614,32411.758925329374,1.2565261156393337,28.756162152702437,289.1367274256334,227.48122530996983,296.4533648698648,1408.8658410386472,1.5834217092958964,2.0635140024814547
78.75,13.303030303030303,2976.973404914357,1414.8785394851075,1125.8667550806256,40704.06592594894,32389.6033077957,1.2567015884431059,28.768593762657304,289.01178440448206,227.1453640178542,295.96569765722023,1406.8612175624105,1.5833367614647982,2.0630549571613463
78.75,13.444444444444445,2970.1235235541594,1413.5180622999455,1124.626998653255,40681.91982376655,32367.457205613307,1.2568772259537062,28.78061547906413,288.89106364669044,226.8130656055259,295.4828363421104,1404.8784725945734,1.5832517852683494,2.062596027728149
78.75,13.585858585858585,2963.327852405733,1412.1787217410842,1123.4043261511863,40659.79315126794,32345.330533114702,1.257052949563802,28.792243166741827,288.77439558989795,226.4842893139805,295.0047477227485,1402.9173233098732,1.5831668188121488,2.062137419780289
78.75,13.727272727272727,2956.5867525534627,1410.860016467207,1122.1983983043506,40637.6952399177,32323.232621764462,1.2572286848733933,28.80349203011258,288.6616181628566,226.15899483499808,294.5313977929004,1400.9774916839679,1.5830818980773025,2.0616793269775844
78.75,13.868686868686869,2949.9005332405336,1409.5614620481708,1121.0088856011635,40615.63486452275,32301.172246369508,1.2574043615116086,28.81437663988485,288.55257644700754,225.8371424003243,294.0627519282595,1399.058704947658,1.5829970570126988,2.0612219315737392
78.75,14.01010101010101,2943.269452878611,1408.282590185271,1119.8354678673825,40593.62027188891,32279.15765373567,1.2575799129377532,28.824910962329295,288.4471223178884,225.51869268921254,293.5987748408787,1397.160694908521,1.5829123276370651,2.0607654050000455
78.75,14.15151515151515,2936.693721882847,1407.0229479322227,1118.677833815896,40571.659205387725,32257.196587234484,1.2577552762735624,28.835108386122847,288.34511411632667,225.20360681386242,293.1394306251221,1395.283197769708,1.5828277401256832,2.060309908364801
78.75,14.292929292929292,2930.1735054350893,1405.7820971210779,1117.535680764876,40549.75893035341,32235.29631220017,1.2579303921275402,28.844981746030104,288.246416356202,224.89184631819705,292.6846828221027,1393.4259540292858,1.5827433229006693,2.059855592970424
78.75,14.434343434343434,2923.708925679502,1404.559613647079,1116.4087142232422,40527.926256649196,32213.463638495956,1.2581052044405816,28.854543347871434,288.1508994238368,224.58337314949864,292.2344944417521,1391.5887082216962,1.5826591027107282,2.059402600772359
78.75,14.575757575757574,2917.3000645330294,1403.3550868921054,1115.2966475813262,40506.1675605731,32191.70494241986,1.2582796603356368,28.863804990566404,288.05843931077925,224.278149666857,291.788828030686,1389.7712088901355,1.582575104708729,2.0589510648247513
78.75,14.717171717171716,2910.946963909092,1402.1681191231958,1114.1992017844927,40484.48880718552,32170.026189032276,1.2584537099627195,28.872777989347878,287.9689173387029,223.97613854844212,291.34764560875976,1387.97320793112,1.5824913525312674,2.05850110973535
78.75,14.858585858585858,2904.649630186843,1400.998324891853,1113.116104965756,40462.89556680143,32148.43294864819,1.2586273063895284,28.881473195140956,287.88221992609687,223.67730287284894,290.91090881855024,1386.1944610379708,1.5824078683560248,2.0580528519997383
78.75,15.0,2898.4080351439966,1399.8453306679305,1112.047092313508,40441.39303834631,32126.930420193068,1.2588004054357858,28.889901014314106,287.7982383544224,223.38160607247565,290.47857892307286,1384.4347273285698,1.5823246729860014,2.057606400478486
152.5,1.0,1130.1973452082718,1704.490317286606,1415.7294677288496,49078.40189481456,40763.93927666132,1.2039661221582072,28.793593836861994,288.7608495577561,151.4246254577935,200.1560551138774,879.8340390844908,1.6877822831119955,2.2309438947428717
152.5,1.1414141414141414,1146.5632327072665,1770.0721471093793,1469.4670960038607,48958.58750360499,40644.12488545175,1.2045673917592292,27.659091514183157,300.6050511055185,155.5440009841164,205.44180017689354,904.0111011622154,1.6873305817703381,2.228618461780611
152.5,1.2828282828282829,1305.646604567289,1809.3369982759784,1502.1529716802636,48972.80956475703,40658.34694660379,1.2044958352358135,27.066715383270573,307.1840265957152,167.79976329985007,221.64956130548111,975.2097144787832,1.6873842870238098,2.228894604006415
152.5,1.4242424242424243,1479.093685001251,1820.1233997641234,1507.1638244666246,48355.59977156493,40041.13715341169,1.2076480142483867,26.56720955174331,312.9595752974988,179.84893929155933,236.61516743736487,1046.695888151296,1.6850315554584767,2.2168828195628
152.5,1.5656565656565657,1611.7388378664825,1812.8448956115649,1493.0000247851692,47125.442650144796,38810.98003199155,1.2142296487050754,25.99529764748406,319.84487082639544,188.8820743574279,246.50287102538766,1102.4257823781895,1.680204168031545,2.192771086073743
152.5,1.7070707070707072,1714.707216645854,1795.3017118835069,1467.9404523592377,45597.84805769086,37283.385439537626,1.2230071792068555,25.39843178217256,327.3612595242693,195.85767007135567,253.021853366792,1147.4169790231203,1.6739403855087611,2.162506572311628
152.5,1.8484848484848484,1801.0622785667679,1773.4025778992172,1438.615396095009,44042.57463328691,35728.112015133665,1.2327148609092866,24.835068575044023,334.78718180420816,201.6096220067458,257.728446038156,1185.863531769538,1.6672365299084755,2.13131831583406
152.5,1.9898989898989898,1879.8384773504274,1750.4083475634525,1408.7613763416844,42598.66469845762,34284.202080304385,1.242515856098332,24.336415418581872,341.64697122176835,206.6704879635149,261.5918911047532,1220.4182451141792,1.660697182217057,2.1020171807267767
152.5,2.1313131313131315,1957.1607959912033,1728.0537738301382,1380.3998892804268,41327.99644473656,33013.53382658331,1.251850124916292,23.915920366954367,347.6538845497112,211.3886457476206,265.2077448183829,1252.8230492355958,1.6546745879920903,2.075951214586977
152.5,2.2727272727272725,2037.4666942169795,1707.287771665734,1354.6596229615932,40255.38065554379,31940.91803739055,1.26030756562539,23.57855618931083,352.62814870414087,216.00762662145078,268.96325144143026,1284.3042925858804,1.649384187093341,2.0537410681991672
152.5,2.4141414141414144,2123.6443858568164,1688.5621180978944,1332.0751538469178,39382.8891860136,31068.42656786036,1.2676177565668671,23.3233286261195,356.48696425097654,220.68053879202643,273.0824183111568,1315.6370091632189,1.6449345759293257,2.0355338736133626
152.5,2.5555555555555554,2216.397141331256,1671.8889962205428,1312.603905637439,38690.32956034156,30375.86694218832,1.2737193520756929,23.141685630926798,359.28509058310357,225.4482446789505,277.60151544587393,1347.0326399086136,1.6413054614851963,2.0209910441605707
152.5,2.696969696969697,2314.015858458477,1656.9206383422227,1295.695656523437,38138.01758499133,29823.554966838088,1.2787884485065044,23.017407534466507,361.2249818187855,230.2406046661872,282.37636380622376,1378.1500852804647,1.6383477023768176,2.0093357013120645
152.5,2.8383838383838382,2413.5302640943523,1643.1854591355032,1280.6104385623385,37681.0406107891,29366.577992635863,1.2831267102431283,22.931702810109755,362.5750205731646,234.93866775281626,287.1864784827957,1408.4125952328861,1.635856775149889,1.999653573637359
152.5,2.9797979797979797,2512.287650551297,1630.3207326651586,1266.7572763864625,37284.38750718016,28969.92488902692,1.2870032507851805,22.86935739707468,363.5634562786963,239.44634273051136,291.8539192586361,1437.3637832442932,1.6336619193493878,1.9912211999926688
152.5,3.121212121212121,2608.706688266373,1618.1820323269799,1253.873041768491,36931.051293914905,28616.588675761664,1.2905469520619561,22.82255676810802,364.30899055848886,243.7151596642175,296.29248430191336,1464.7653195784187,1.6316806785191944,1.9836875247808599
152.5,3.2626262626262625,2707.6524975481498,1611.2128092340392,1249.273760683638,37012.77528887741,28698.31267072417,1.2897195634304668,22.971996670305185,361.9390485504011,247.6110147792675,301.208510256484,1487.7601660368375,1.6321411296778727,1.9854318622976295
152.5,3.404040404040404,2806.147257403174,1609.0341305773675,1252.4183477577367,37514.4757313915,29200.013113238263,1.284741742611881,23.31490365461063,356.61578281963074,250.98510906806126,306.4306336699725,1505.4527191367379,1.6349388383672945,1.9961158098693446
152.5,3.5454545454545454,2897.2241277254952,1606.6217441384872,1254.9957480426337,37989.786254342114,29675.323636188874,1.2801810258275936,23.645756316284164,351.62599609585357,253.95759314891777,311.13021502197233,1520.8587314146455,1.6375440923019127,2.0061989060004044
152.5,3.686868686868687,2980.924436686429,1603.9804801076166,1256.9928980439142,38434.33146161958,30119.868843466338,1.2760457776680136,23.961844884197646,346.98758206370246,256.56324660940135,315.33294385322574,1534.216765613344,1.6399416423768756,2.015595112208269
152.5,3.8282828282828283,3057.1342089479676,1601.1356975302529,1258.4477607822978,38847.53875505495,30533.07613690171,1.2723100214624146,24.262489940719682,342.68793674795495,258.82147234892886,319.0550659897379,1545.6515824221449,1.6421369606681535,2.024299265417318
152.5,3.9696969696969697,3125.5332396218105,1598.0883794375036,1259.3706586475087,39228.08071673437,30913.618098581126,1.268957926297694,24.546878146089703,338.7177207899949,260.73989516775174,322.2973836322101,1555.2197488792206,1.6441309305579106,2.032290060278981
152.5,4.111111111111111,3185.6976520122735,1594.8222586832987,1259.750935142502,39573.93283405381,31259.470215900572,1.2659821986977877,24.81400834393072,335.07132354079675,262.3198573189699,325.05192637956475,1562.9425578855426,1.6459203927860948,2.039531432391643
152.5,4.252525252525253,3237.30458525037,1591.3189580056285,1259.5759672851652,39883.16968253648,31568.707064383238,1.2633767230693418,25.06296395319851,331.74299072046335,263.5648032138357,327.31410573649725,1568.8522581359036,1.647502347039399,2.045989262771462
152.5,4.393939393939394,3280.358018846361,1587.5741730039204,1258.8523016011254,40154.99807985824,31840.535461705,1.2611282284543595,25.293305196493066,328.721871402795,264.48856654982154,329.09551029019707,1573.0364279872126,1.6488790437451284,2.0516527326178338
152.5,4.535353535353535,3315.3014689416577,1583.6065833781913,1257.617435196515,40390.41732770003,32075.95470954679,1.25921169590873,25.505335574911623,325.9891481816761,265.11890024606373,330.43001078468126,1575.6558761898332,1.6500609697753725,2.056547698154361
152.5,4.6767676767676765,3342.952271717156,1579.455456112797,1255.9365169204389,40592.13157557925,32277.668957426013,1.2575917929240785,25.700079998128395,323.5189391923582,265.4944907936033,331.36993417747055,1576.9275067567703,1.6510660997320517,2.0607345303303934
152.5,4.818181818181818,3364.3234489615934,1575.170913579623,1253.8891260187615,40763.90316920505,32449.440551051808,1.2562282269573284,25.87903497822205,321.28178756086146,265.6583540952149,331.9762657163389,1577.088430301409,1.6519165622754186,2.0642945466063294
152.5,4.959595959595959,3380.4468278186946,1570.8038435759345,1251.5555114438473,40909.81384504111,32595.351226887873,1.255081240274983,26.04387174907208,319.248332132087,265.65177047401403,332.3091920087637,1576.363704539338,1.6526350660175189,2.06731475003421
152.5,5.101010101010101,3392.2605342715465,1566.3994581997877,1249.0077385889476,41033.741385144865,32719.278766991625,1.2541150945705186,26.19621781043235,317.3917196108401,265.51079069657766,332.42232621965235,1574.9482479008425,1.6532425107015485,2.069877159307902
152.5,5.242424242424242,3400.5627239133128,1561.9946978340301,1246.306081256709,41139.103036721914,32824.64041856867,1.2532994272634839,26.337543330824513,315.6886165773211,265.26513258927076,332.36056981033687,1573.001604446055,1.6537569352465238,2.072053691946706
152.5,5.383838383838384,3406.0076718691407,1557.6181339404484,1243.4988342017718,41228.78714800241,32914.32452984917,1.252609243450008,26.469123753523718,314.11929973867655,264.93849346054526,332.16022843069857,1570.6501659462872,1.6541933609573172,2.073904918335141
152.5,5.525252525252525,3409.1216548274074,1553.2910269633514,1240.6237269199678,41305.18342342696,32990.720805273726,1.252024278803394,26.592044057691915,312.6673000433838,264.54944544443595,331.8501273484377,1567.9923547425085,1.6545640744490202,2.075480815654854
152.5,5.666666666666666,3410.3247927876555,1549.028686372917,1237.7097891629476,41370.25160605061,33055.788987897366,1.2515281853111235,26.707221092799717,311.31889720996935,264.1124354739781,331.45297670785624,1565.1042299854994,1.6548790589907763,2.0768222791540296
152.5,5.808080808080808,3409.9521938643866,1544.8417920259817,1234.7791638937672,41425.59652588581,33111.13390773257,1.2511077585359145,26.815429735078723,310.06262813221446,263.6386857057388,330.98664619630597,1562.0444665833086,1.6551464266771534,2.0779627362470423
152.5,5.949494949494949,3408.272043116006,1540.7374848672903,1231.848631770586,41472.536460569376,33158.07384241614,1.2507522800530497,26.917328141816167,308.88885309670434,263.1369299806321,330.46523069976473,1558.8583911770963,1.6553727965283827,2.078929601934366
152.5,6.090909090909091,3405.5001677199207,1536.7202616481118,1228.9308555067578,41512.16031185939,33197.697693706155,1.2504529890857325,27.013478866568832,307.7894061413541,262.6139930077798,329.8999000741976,1555.581138150119,1.6555636034468375,2.0797454891423484
152.5,6.232323232323232,3401.811451332406,1532.7926390088055,1226.0353296564192,41545.373850502605,33230.91123234936,1.2502026670294657,27.10436675724663,306.7573093523863,262.07523223349096,329.299555652017,1552.2400438230586,1.655723344085775,2.0804291838015274
152.5,6.373737373737374,3397.348657955165,1528.955677569825,1223.1691255171652,41572.93622179382,33258.47360364058,1.249995315997999,27.190412928039404,305.78655205266,261.5248753549114,328.6713357876198,1548.8564688663478,1.6558557687249138,2.0809964124440707
152.5,6.515151515151515,3392.2292122578165,1525.209360242766,1220.3374470859176,41595.48867353917,33281.026055385926,1.2498259099438944,27.27198623205306,304.8719131568482,260.9662741716648,328.0209998641899,1545.447162434109,1.6559640308729542,2.0814604449185157
152.5,6.656565656565657,3386.5504265618365,1521.5528902284511,1217.5440659206533,41613.5770274185,33299.114409265254,1.2496902024469394,27.349412100403878,304.00882430779774,260.4020988287332,327.3532238351967,1542.0253033083586,1.6560508034466015,2.0818325650272946
152.5,6.797979797979798,3380.393535768971,1517.9849082385892,1214.7916483071606,41627.66935295655,33313.206734803316,1.2495845772021361,27.422979719383168,303.19325993142877,259.83448516223245,326.67182625101805,1538.6012864342342,1.6561183695754842,2.082122440134511
152.5,6.9393939393939394,3373.826830660405,1514.5036567038237,1212.0820068872645,41638.169907341195,33323.70728918795,1.2495059311978447,27.492947754225167,302.4216498165592,259.26514773125825,325.9799428055731,1535.1833242900295,1.6561686938428506,2.0823384123148108
152.5,7.08080808080808,3366.908106682679,1511.107103368056,1209.416294424475,41645.430190513725,33330.96757236049,1.2494515828291752,27.55954895433396,301.69080894358126,258.6954670330125,325.28016190625124,1531.7779093451802,1.656203478521117,2.0824877289956434
152.5,7.222222222222222,3359.686587500608,1507.7930339482164,1206.795153406806,41649.75777943917,33335.29516128593,1.2494191990179009,27.62299390014929,300.99788054141027,258.1265570616066,324.5746304620974,1528.3901709027518,1.6562242083204741,2.0825767270808067
152.5,7.363636363636363,3352.2044524112234,1504.5591220695394,1204.2188322979905,41651.42341296916,33336.960794815925,1.2494067371446222,27.683474050309915,300.3402897715491,257.55931829387407,323.8651373232133,1525.0241541478783,1.656232186143918,2.08261098048334
152.5,7.505050505050505,3344.498050590742,1501.4029813479922,1201.6872759011076,41650.666736294836,33336.2041181416,1.249412398264879,27.741164266837917,299.71570544688484,256.99447914988497,323.15317912009465,1521.6830374862518,1.6562285619734323,2.0825954196434995
152.5,7.646464646464646,3336.5988780291764,1498.322204719826,1199.2001962956604,41647.70097232837,33333.23835417513,1.2494345892772167,27.79622489817946,299.1220084241657,256.43262891866885,322.44001286721226,1518.3693045778944,1.6562143562855818,2.0825344286469862
152.5,7.787878787878787,3328.534363820762,1495.314393429411,1196.7571283530833,41642.71676114405,33328.254142990816,1.2494718920013346,27.848803531971,298.55726507632784,255.874243796269,321.7266979514077,1515.0848796583707,1.6561904792360442,2.0824319249866656
152.5,7.929292929292929,3320.328513863303,1492.377178383852,1194.3574732986488,41635.88531271797,33321.422694564724,1.2495230379076663,27.89903646061309,298.01970508520304,255.3197079084317,321.01413019415884,1511.8312365159532,1.6561577463701258,2.082291425016028
152.5,8.07070707070707,3312.0024339218726,1489.5082359011972,1192.0005333091692,41627.36103614327,33312.89841799003,1.2495868871518896,27.94704992749333,297.5077025920279,254.76933007976018,320.30306932135386,1508.6094848556313,1.6561168916857043,2.0821160984950633
152.5,8.212121212121211,3303.574759286131,1486.7052987103896,1189.6855386284765,41617.283735361176,33302.82111720793,1.2496624111480172,27.99296119510786,297.0197600819131,254.22335733327236,319.5941612882298,1505.4204394305311,1.6560685785131324,2.0819088141136177
152.5,8.353535353535353,3295.062013527501,1483.966163646463,1187.4116689843097,41605.780442812604,33291.31782465936,1.249748678077099,28.03687945321958,296.5544946621533,253.6819859983186,318.8879567316858,1502.2646767851259,1.6560134085787634,2.081672177485461
152.5,8.494949494949495,3286.4789032414606,1481.288696940406,1185.178070737732,41592.96697773395,33278.50435958071,1.2498448406308729,28.078906605879062,296.1106262026737,253.14537062513025,318.184926000814,1499.1425803715567,1.6559519296861367,2.08140856341531
152.5,8.636363636363637,3277.8385663772183,1478.6708369147418,1182.9838699168206,41578.94926145805,33264.486643304816,1.2499501257094163,28.1191379605571,295.68696699792116,252.6136313166457,317.4854716123439,1496.0543774862504,1.6558846421838376,2.0811201431184654
152.5,8.777777777777779,3269.1527775108534,1476.110595856253,1180.8281830266906,41563.82444826053,33249.361830107286,1.2500638256047518,28.15766282346239,295.2824128295623,252.08685965880704,316.78993849532236,1493.0001688221275,1.6558120045112754,2.0808089076078806
152.5,8.919191919191919,3260.432125599804,1473.6060602757848,1178.710125107595,41547.68187991196,33233.21926175871,1.2501852905872604,28.194565019728763,294.8959351681896,251.56512376835283,316.098622700997,1489.9799536557082,1.6557344378694727,2.0804766874246305
152.5,9.06060606060606,3251.6861605668632,1471.1553904309349,1176.628816164591,41530.603918175555,33216.14130002231,1.2503139224708095,28.229923357049522,294.52657426634386,251.04847229792162,315.41177850176956,1486.9936494693543,1.655652330283305,2.0801251698339045
152.5,9.202020202020202,3242.9235174241294,1468.7568191644045,1174.5833861020785,41512.66666392945,33198.204045776205,1.2504491690782016,28.263812036322363,294.173433062326,250.5369377238028,314.7296243113697,1484.041107884954,1.6555660401016308,2.079755913669988
152.5,9.343434343434343,3234.152025918994,1466.40865036687,1172.572978504226,41493.94057271348,33179.477954560236,1.2505905195235445,28.296301008816616,293.83567186264395,250.0305392335379,314.05234785021304,1481.1221287343942,1.6554758989859628,2.079370362035543
152.5,9.484848484848484,3225.3788004480316,1464.1092569006419,1170.596753379174,41474.49099899126,33160.02838083802,1.2507375000607017,28.327456303901933,293.51250352146775,249.529284939607,313.38011028641694,1478.2364704966963,1.6553822145456705,2.0789698535226058
152.5,9.626262626262626,3216.610319825197,1461.8570785139912,1168.65388929792,41454.37866786024,33139.916049707,1.2508896705013457,28.3573403153744,293.20318921607105,249.03317383620416,312.7130498763,1475.3838595696495,1.6552852726158767,2.07855563193156
152.5,9.767676767676768,3207.8524927946187,1459.650619398553,1166.7435848051502,41433.660094235376,33119.19747608213,1.2510466210468336,28.386012065892903,292.9070345934027,248.54219727489374,312.05128486916726,1472.5639969550457,1.65518533927612,2.0781288549020798
152.5,9.909090909090908,3199.110719534198,1457.4884458278573,1164.8650594162161,41412.387942838366,33097.92532468513,1.2512079695808649,28.413527435763665,292.6233864116412,248.0563404037516,311.39491622228377,1469.776565014599,1.6550826625789123,2.077690601320022
152.5,10.05050505050505,3190.3899406880178,1455.3691834722035,1163.0175540684565,41390.61135479598,33076.14873664275,1.2513733592249279,28.439939380911397,292.35162940374704,247.57558316237566,310.7440296724981,1467.021231766085,1.6549774741136365,2.0772418780328197
152.5,10.191919191919192,3181.694682550629,1453.2915151655307,1161.2003315993823,41368.376233056166,33053.91361490292,1.2515424562132496,28.46529811903862,292.0911835661481,247.09990124540474,310.09869766717924,1464.2976551939885,1.6548699903690158,2.0767836257137016
152.5,10.333333333333332,3173.0290934944883,1451.2541782114347,1159.412676630463,41345.725501038236,33031.262882885,1.2517149479761895,28.48965131111205,291.84150158097174,246.62926674080094,309.4589808185548,1461.6054857689742,1.6547604139643795,2.0763167241724236
152.5,10.474747474747474,3164.396980813263,1449.2559620210711,1157.6538954310677,41322.69932538605,33008.236707232805,1.2518905415002484,28.513044215984564,291.60206659000335,246.16364888148092,308.82492941332106,1458.9443698112025,1.6546489347061044,2.0758419969248445
152.5,10.616161616161616,3155.801838556425,1447.2957056847902,1155.9233155940228,41299.335323368374,32984.87270521514,1.2520689618074126,28.53551983962222,291.37239009076745,245.70301447441736,308.19658447619,1456.3139510242484,1.6545357305688715,2.075360215445127
152.5,10.757575757575758,3147.2468747695593,1445.3722957398334,1154.220285667714,41275.668745224844,32961.20612707161,1.2522499506267892,28.557119066750435,291.1520100721196,245.24732837239316,307.5739788255043,1453.713872403017,1.6544209685551994,2.07487210290095
152.5,10.898989898989898,3138.735032603871,1443.484663833365,1152.5441745856504,41251.73264248331,32937.270024330064,1.2524332651738144,28.57788078810194,290.94048924771454,244.79655372801022,306.9571378189329,1451.1437769234485,1.6543048054868454,2.0743783375993043
152.5,11.04040404040404,3130.2690138912203,1441.6317846481904,1150.8943711305815,41227.55801386718,32913.09539571394,1.2526186771006647,28.59784200993333,290.7374135176091,244.35065240979642,306.34608024831863,1448.6033092995738,1.6541873886876362,2.073879555970208
152.5,11.181818181818182,3121.851295623154,1439.8126737618231,1149.270283277254,41203.17394363746,32888.711325484226,1.2528059715039874,28.617037962296322,290.54239048456924,243.90958515411214,305.740818881657,1446.0921162164693,1.654068856629821,2.073376355394623
152.5,11.323232323232324,3113.4841470047245,1438.0263857516488,1147.6713376171929,41178.60772550915,32864.145107355915,1.2529949460420386,28.635502194895615,290.3550481344561,243.47331178952132,305.1413610601947,1443.6098470627016,1.6539493395108462,2.0728692967352598
152.5,11.464646464646464,3105.169644754007,1436.272012247057,1146.0969786471346,41153.884974792934,32839.4223566397,1.253185410140814,28.65326666806478,290.1750335999226,243.04179141273855,304.54770920523464,1441.1561544334256,1.6538289597734463,2.0723589066249795
152.5,11.606060606060606,3096.9096842432878,1434.548680158921,1144.5466681501273,41129.029734941105,32814.56711678786,1.2533771842414334,28.670361838390026,290.00201200879354,242.61498243058094,303.9598611411219,1438.7306938694896,1.6537078325991998,2.071845679640432
152.5,11.747474747474747,3088.7059947822117,1432.8555499377653,1143.0198844859174,41104.064569134935,32789.6019509817,1.2535700991607892,28.686816735239116,289.83566545184806,242.19284279573,303.37781062555274,1436.3331248152563,1.6535860663300062,2.071330080167678
152.5,11.88888888888889,3080.560148645804,1431.1918139733077,1141.516121979426,41079.010650777454,32764.548032624214,1.2537639954585789,28.702659035432127,289.6756919938816,241.77533001522193,302.80154758950437,1433.9631102388141,1.6534637628850197,2.0708125442460465
152.5,12.03030303030303,3072.473571578335,1429.556695028969,1140.0348902615356,41053.887844118755,32739.425225965515,1.2539587228782219,28.717915131926144,289.5218047674333,241.3624012397446,302.23105845441097,1431.6203167779465,1.6533410181303476,2.0702934812091414
152.5,12.171717171717171,3064.44755259931,1427.9494447988504,1138.5757136629784,41028.71477929023,32714.252161136992,1.2541541398287084,28.73261019760387,289.37373113587216,240.95401334874012,301.66632642943995,1429.3044148892386,1.6532179222223524,2.069773275211298
152.5,12.313131313131313,3056.483250351183,1426.3693424642022,1137.1381305805094,41003.50892409023,32689.04630593699,1.2543501128891352,28.746768248154005,289.2312118836927,240.55012290816302,301.1073316399009,1427.015078259433,1.6530945599360158,2.0692522866878926
152.5,12.454545454545453,3048.581704029931,1424.8156935039447,1135.7216929804015,40978.28664705158,32663.82402889834,1.2545465163784029,28.760412194981296,289.0940005235432,240.15068634745634,300.5540515093184,1424.7519845574525,1.6529710109516365,2.0687308536365148
152.5,12.595959595959595,3040.7438386052304,1423.2878281783126,1134.32596562851,40953.063279143,32638.600660989763,1.254743231933066,28.773563904891567,288.9618625498027,239.75565988963984,300.00646082737586,1422.5148147308348,1.6528473501357703,2.068209292870862
152.5,12.737373737373737,3032.970472232298,1421.7851007189868,1132.95052585587,40927.85317193272,32613.39055377948,1.254940148110105,28.7862442441096,288.8345748631168,239.36499963566976,299.4645320015237,1420.3032532350621,1.6527236478058311,2.067687901202538
152.5,12.878787878787879,3025.262322303098,1420.3068878944182,1131.594962779769,40902.66974948903,32588.207131335792,1.2551371600359786,28.79847313148398,288.7119251146492,238.97866155566226,298.9282351769546,1418.116987739351,1.6525999699649485,2.067166956494344
152.5,13.020202020202019,3017.6200120696785,1418.852588176976,1130.2588769978129,40877.525559604794,32563.062941451553,1.255334169058441,28.810269579961513,288.59371117916305,238.59660155695474,298.39753844959876,1415.9557092934958,1.652476378534461,2.0666467187005813
152.5,13.16161616161616,3010.044074482937,1417.4216206425738,1128.9418800535138,40852.43232308214,32537.9697049289,1.2555310824108903,28.821651742945832,288.47974058905993,238.21877542521432,297.8724079146191,1413.819111751664,1.652352931577867,2.0661274308682516
152.5,13.303030303030303,3002.5349596814285,1416.0134240123787,1127.6435939532205,40827.400974432116,32512.938356278875,1.2557278129415073,28.832636952511834,288.3698300591581,237.84513893835194,297.35280791154184,1411.7068922597382,1.6522296834835044,2.065609319961586
152.5,13.444444444444445,2995.0930383786163,1414.6274557915503,1126.3636507865224,40802.441706432495,32487.979088279255,1.2559242788097236,28.84324175908322,288.2638050050278,237.47564782212902,296.8387010781221,1409.618750788671,1.6521066851671158,2.0650925977673666
152.5,13.585858585858585,2987.7186068978085,1413.2631914227745,1125.1016923205184,40777.56400943364,32463.1013912804,1.2561204032214404,28.853481967772503,288.1614991022562,237.11025778289806,296.3300484883745,1407.5543901492847,1.6519839842494763,2.0645774616924806
152.5,13.727272727272727,2980.4118916836387,1411.9201234852385,1123.8573696208352,40752.77670941891,32438.31409126567,1.256316114171667,28.86337267353565,288.06275386440313,236.74892452748236,295.82680977070675,1405.5135159374302,1.6518616252287903,2.0640640955366303
152.5,13.868686868686869,2973.173053291645,1410.5977609752142,1122.630342716885,40728.08800319843,32413.625385045187,1.256511344207406,28.87292829320893,287.96741825832913,236.3916037758311,295.3289432099102,1403.4958364496426,1.651739649639802,2.063552670206571
152.5,14.01010101010101,2966.0021905556328,1409.295628553867,1121.4202802355007,40703.50549286798,32389.04287471474,1.2567060301940605,28.88216259823032,287.87534831836615,236.03825128096426,294.8364058556716,1401.5010626463488,1.6516180962101523,2.063043344416015
152.5,14.15151515151515,2958.899344706824,1408.0132658928853,1120.2268590904798,40679.03621719078,32364.573599037536,1.2569001131039308,28.891088743680513,287.78640680240557,235.68882286207926,294.34915364012306,1399.5289082073032,1.6514970010023182,2.0625362653226045
152.5,14.292929292929292,2951.8645010239875,1406.7502270240561,1119.0497641781033,40654.686683395565,32340.224065242324,1.2570935377992392,28.899719298001827,287.7004628459528,235.34327434057568,293.8671413740826,1397.579089009787,1.6513763975584528,2.0620315691743767
152.5,14.434343434343434,2944.897595104233,1405.5060797583249,1117.888688095572,40630.46289440035,32316.00027624711,1.257286252849321,28.908066268476553,287.61739166275305,235.00156167500145,293.39032298137727,1395.6513238081193,1.6512563170233463,2.0615293818622074
152.5,14.575757575757574,2937.9985142166915,1404.280405096338,1116.7433308622565,40606.37037738441,32291.90775923117,1.2574782103351083,28.916141128237623,287.53707423408156,234.6636408987778,292.9186514888248,1393.7453337373072,1.6511367882747945,2.0610298195009427
152.5,14.717171717171716,2931.1671009649945,1403.0727967165315,1115.6133996871265,40582.41421015018,32267.951591996938,1.257669365669167,28.923954840490868,287.45939702940484,234.32946816137772,292.45207914007835,1391.8608424410334,1.6510178380437697,2.0605329889654915
152.5,14.858585858585858,2924.403155840695,1401.882860386316,1114.4986086539718,40558.599044485934,32244.136426332694,1.2578596774377588,28.93151788253494,287.38425173234424,233.9989997251491,291.9905574471836,1389.9975759495314,1.650899491020373,2.0600389883653945
152.5,15.0,2917.7064405092915,1400.7102135770633,1113.3986785844068,40534.92913171622,32220.46651356298,1.2580491072236129,28.938840267467,287.31153499265645,233.67219200608324,291.53403730083676,1388.155262809954,1.6507817699713467,2.059547907565481
226.25000000000003,1.0,1141.0831980692221,1705.7188753826142,1417.5325475198244,49211.68860307445,40897.22598492121,1.2033013833558974,28.850996089279747,288.1863278627898,155.71049670482,201.19014574717673,883.3563194966282,1.7286323862837907,2.233528304768166
226.25000000000003,1.1414141414141414,1156.8049044802772,1771.4577279203236,1471.4557530724762,49095.40700824453,40780.94439009129,1.2038810709879844,27.71469295283841,300.00197484784735,159.88768795382776,206.43806492756198,907.3139649941803,1.728136737190485,2.231273767989299
226.25000000000003,1.2828282828282829,1312.4114813396966,1811.5486851546088,1504.9993096495175,49134.18531310137,40819.72269494813,1.2036873861267618,27.12275177352352,306.5493755050912,172.17686965429695,222.35880831032077,976.9577757950486,1.7283022261849819,2.2320258475263555
226.25000000000003,1.4242424242424243,1490.1021777725375,1823.2146725105376,1511.1891936824766,48582.73207814102,40268.26945998779,1.2064767800964187,26.64674259737246,312.02547882806135,184.686583661341,237.69565912792842,1049.3800457127056,1.7259301747370366,2.221309758185614
226.25000000000003,1.5656565656565657,1628.4501944700387,1817.150287807619,1498.6326150102552,47434.19103515404,39119.728417000806,1.2125388634993668,26.103614738648343,318.51767279736396,194.1455452210329,248.07156475525062,1106.377106450662,1.720857562888071,2.1988443147667076
226.25000000000003,1.7070707070707072,1736.1193614812285,1800.399548310163,1474.6800257550524,45957.806350499224,37643.34373234598,1.220874709676995,25.526448500631297,325.7195225551104,201.41940834460948,254.95795094424662,1152.3792422253753,1.7140621493912305,2.1696706240552066
226.25000000000003,1.8484848484848484,1825.3898160883439,1778.768247312435,1445.8026860774673,44417.51286163953,36103.05024348629,1.2302980651795021,24.970938698029126,332.96556123496765,207.340628117464,259.8554429544692,1191.4276440038147,1.7066222871035026,2.1388721274636513
226.25000000000003,1.9898989898989898,1905.289506415398,1755.631549525656,1415.8547042634532,42960.940668329014,34646.47805017578,1.2399800235427119,24.470362633854684,339.77684526220315,212.46430838961788,263.749410961515,1226.1769116259893,1.6992353143447363,2.10940047596874
226.25000000000003,2.1313131313131315,1981.9337900639239,1732.8115146561677,1386.9490067737831,41656.427726516245,33341.965108363,1.2493693035527702,24.039791618525747,345.8625078823844,217.15256859142778,267.24805667783687,1258.362066487772,1.6923104196242225,2.0827138903945785
226.25000000000003,2.2727272727272725,2059.7173356984454,1711.313307064448,1360.2722690113944,40532.72688130881,32218.26426315557,1.2580667459376937,23.685158476817914,351.0410380530535,221.65793284648268,270.7465292884863,1289.2030099031683,1.686097341110169,2.059502212647144
226.25000000000003,2.4141414141414144,2141.7454205967692,1691.6685212591935,1336.4579445630966,39597.116767020765,31282.654148867525,1.265785076246615,23.40713695940068,355.2105766960969,226.1532651035727,274.49591120691946,1319.5411924763218,1.6807401920253033,2.040016138174209
226.25000000000003,2.5555555555555554,2229.528477191874,1674.038505904407,1315.6702802111092,38839.18712872542,30524.724510572178,1.2723845260347408,23.200892328185944,358.36822569329775,230.72314991581126,278.6015676751346,1349.7930824093685,1.6762726136387747,2.024123622536648
226.25000000000003,2.696969696969697,2322.5552317619363,1658.2519592038013,1297.6165593962753,38231.06088209273,29916.59826393949,1.2779213914897278,23.055037366245067,360.63539980752597,235.3520043480729,283.01053809470125,1379.894342349311,1.6726025048487156,2.0113027557466654
226.25000000000003,2.8383838383838382,2418.692396833871,1643.9332196558532,1281.7066411827002,37734.45162192025,29419.98900376701,1.2826127031212906,22.95376185038691,362.226578473153,239.95213297413176,287.5588431118134,1409.4398385187726,1.6695473765689413,2.0007870160432573
226.25000000000003,2.9797979797979797,2515.4216449067962,1630.7080952122724,1267.345123546089,37313.82269522579,28999.36007707255,1.2867119341963278,22.881975507927173,363.3629716661832,244.42515216678652,292.07059315270004,1437.9783403552146,1.6669179578214672,1.9918478616537385
226.25000000000003,3.121212121212121,2610.9347541344755,1618.3959165302654,1254.2291826332669,36950.361185842645,28635.898567689404,1.2903510290937632,22.83147208197472,364.1667338969986,248.70521243636162,296.43857630254786,1465.1830480631072,1.6646145167753783,1.9840997806658827
226.25000000000003,3.2626262626262625,2710.04509082356,1611.3576508813426,1249.5429123140023,37028.82034540062,28714.35772724738,1.289557673451409,22.979889241316144,361.81473856734044,252.6927165228713,301.35510539569816,1488.227635811606,1.665114239823667,1.9857742009454464
226.25000000000003,3.404040404040404,2809.4002629959946,1609.1540072910982,1252.6581108579228,37529.88736851069,29215.424750357448,1.284591536464022,23.322744248507146,356.4958964331754,256.21832242385284,306.61961724821793,1506.1340371991282,1.668273440171697,1.9964433411776668
226.25000000000003,3.5454545454545454,2901.630934918687,1606.7611343393737,1255.2800549652732,38008.74690482878,29694.28428667554,1.2800021222226972,23.655505533780683,351.48107937410043,259.3399128179058,311.3802533506216,1521.7764545667094,1.6712413629502825,2.006600346823157
226.25000000000003,3.686868686868687,2986.786435652517,1604.1575187438377,1257.3502212063843,38458.55556653819,30144.09294838495,1.2758239444255266,23.97430122489081,346.8072975374534,262.0945264797707,315.66026226454636,1535.4199814878882,1.6739845248152503,2.0161061782828127
226.25000000000003,3.8282828282828283,3064.8246662873958,1601.3713049599337,1258.9083509903403,38878.78002142916,30564.317403275916,1.2720316802253233,24.278429306813326,342.46295396959346,264.50469719300503,319.4796209159221,1547.2062210863742,1.676508892852348,2.0249561963726257
226.25000000000003,3.9696969696969697,3135.503165262948,1598.409346349622,1259.9715090155112,39268.40705346633,30953.944435313093,1.2686075319262988,24.567178078097342,338.4378373341108,266.5808708042105,322.8434273451356,1557.2068864263613,1.678816937851846,2.0331354326590896
226.25000000000003,4.111111111111111,3198.432736686684,1595.2593415053136,1260.5334787374404,39625.63290307765,31311.170284924407,1.2655430168369166,24.83961815618408,334.725862767873,268.3252446528128,325.74561741723227,1565.4484753027816,1.6809060163832978,2.0406122011948304
226.25000000000003,4.252525252525253,3253.225632011132,1591.9009251832754,1260.5782169567049,39948.365764259,31633.903146105757,1.2628339152380814,25.094756295627974,331.3227082265705,269.7383865245273,328.17797623928743,1571.9483980256537,1.6827714901666808,2.047348726414419
226.25000000000003,4.393939393939394,3299.7019682436294,1588.3202290432828,1260.0987558033612,40235.1163672454,31920.65374909216,1.26047281749014,25.33186673035124,328.22147323992164,270.8272923646421,330.14195122078326,1576.757227279019,1.6844117919478128,2.0533196296340037
226.25000000000003,4.535353535353535,3338.053214481833,1584.5215642501414,1259.112708225466,40485.822895417725,32171.360277264484,1.2584429923539502,25.55081849869126,325.4088560246755,271.6111446338205,331.65765611498733,1579.9878780210388,1.6858328273122278,2.0585288017613075
226.25000000000003,4.6767676767676765,3368.865622327124,1580.5303799975845,1257.666221995025,40702.13566797113,32387.67304981789,1.256716887482597,25.752200769486844,322.8641580025597,272.1215681140334,332.7649610059056,1581.8157250810054,1.6870492141610396,2.063014960027312
226.25000000000003,4.818181818181818,3393.0039326831998,1576.3874664244538,1255.82610103766,40887.06898754486,32572.60636939162,1.2552593588570276,25.93719492091909,320.5613653867939,272.3979372926558,333.51701131196756,1582.4533947665914,1.6880820886008054,2.066844186248484
226.25000000000003,4.959595959595959,3411.4424041210573,1572.139606222989,1253.6670416543561,41044.33926408819,32729.876645934946,1.2540328125308073,26.107312036172026,318.47256456863283,272.4812067985431,333.971108742545,1582.118657295942,1.6889553854436974,2.070096170376841
226.25000000000003,5.101010101010101,3425.1268286478044,1567.8317886992172,1251.2609258185091,41177.759317679665,32863.29669952643,1.253001477428558,26.26414365015753,316.57086288070815,272.4092433399242,334.1814845113947,1581.0107028959521,1.6896926132797196,2.0728517834071516
226.25000000000003,5.242424242424242,3434.8976204896294,1563.5028744077395,1248.6708095365952,41290.85837542901,32976.395757275764,1.2521337589272101,26.409198890069284,314.83206487114415,272.2145257597928,334.19547312864836,1579.2989136796923,1.690314959327385,2.075185392815231
226.25000000000003,5.383838383838384,3441.463699458234,1559.1841899444655,1245.9489286579912,41386.71555962712,33072.25294147388,1.251402970123229,26.543827103006485,313.2352612864745,271.92366597433664,334.0524258879066,1577.1210250918305,1.690840573742245,2.0771615939511636
226.25000000000003,5.525252525252525,3445.4059862724725,1554.8998344238737,1243.1370732220273,41467.93060996729,33153.46799181405,1.250787115851837,26.669197392597393,311.7627612018462,271.55790744054684,333.7841675740825,1574.5862010932622,1.6912845744188676,2.078834746975215
226.25000000000003,5.666666666666666,3447.1937036294917,1550.6677168095603,1240.267988380779,41536.66251530988,33222.199897156635,1.2502682737414041,26.78630764350339,310.39972842878126,271.1339837580499,333.41607825935216,1571.7798208438799,1.6916593829238262,2.080249880105087
226.25000000000003,5.808080808080808,3447.203860941998,1546.500736193548,1237.3670055794435,41594.69280328691,33280.23018513367,1.2498318843319578,26.896005821287396,309.13373061410437,270.6650051469975,332.9682867778429,1568.7682870796802,1.691975159483821,2.081444070754652
226.25000000000003,5.949494949494949,3445.7394556334625,1542.4078913821709,1234.4535759579032,41643.49097421685,33329.028356063616,1.2494660969209015,26.999013170828373,307.95431542426775,270.1612388249316,332.4567533763969,1565.6032032029236,1.6922402223643895,2.082447847467814
226.25000000000003,6.090909090909091,3443.0448859764356,1538.395185506342,1231.5425466272375,41684.27329992372,33369.81068177048,1.2491612163294448,27.095946277421497,306.8526388791047,269.630743514646,331.89416757348096,1562.3247377465439,1.6924614115128143,2.0832864383425633
226.25000000000003,6.232323232323232,3439.318379117475,1534.4663698900506,1228.6452041447194,41718.05192152208,33403.58930336883,1.2489092577040728,27.187335441252653,305.82116574533103,269.079870396499,331.2906659083969,1558.9642651363563,1.6926443857858569,2.083980807954194
226.25000000000003,6.373737373737374,3434.7217791948265,1530.6235094351127,1225.7700836729416,41745.67472826465,33431.2121101114,1.2487035944364846,27.27364010217717,304.8534257621711,268.5136486560796,330.6543906885517,1555.5463861970823,1.6927938607029898,2.0845484964117666
226.25000000000003,6.515151515151515,3429.388159479938,1526.8674024905324,1222.9235851465135,41767.857138266234,33453.394520113,1.2485386830671066,27.355261544085014,303.9438173440189,267.9360792440143,329.99191986938825,1552.09045967651,1.6929137958015368,2.085004286194513
226.25000000000003,6.656565656565657,3423.427730134207,1523.1979199107395,1220.110463501728,41785.2071979382,33470.744579784965,1.2484098493337628,27.432552691764997,303.08745640901174,267.3503613800205,329.3086005506903,1548.6117795908178,1.693007541322026,2.085360727685876
226.25000000000003,6.797979797979798,3416.932421316683,1519.6142510297398,1217.3341972008184,41798.24544874037,33483.78283058712,1.2483131210180367,27.505826179516625,302.2800538289214,266.7590648763661,328.60880487801506,1545.1224665846946,1.6930779534596978,2.0856285544019335
226.25000000000003,6.9393939393939394,3409.9794512670114,1516.115091811187,1214.597273699282,41807.42065135143,33492.958033198185,1.24824509707121,27.57536078702791,301.51781811190506,266.16426275020245,327.8961282681053,1541.6321513770122,1.693127485028005,2.085817011151603
226.25000000000003,7.08080808080808,3402.6341185411543,1512.6987872186999,1211.9014099228932,41813.12228160493,33498.65966345169,1.2482028445820068,27.64140662694916,300.79737729580677,265.5676336897339,327.1735435751527,1538.1485008623988,1.6931582571274824,2.0859341144904824
226.25000000000003,7.222222222222222,3394.951996119155,1509.3634386253157,1209.2477229541555,41815.69052321167,33501.22790505843,1.2481838170742936,27.704189364290013,300.11571567116016,264.97054149392915,326.4435214596718,1534.677624265626,1.6931721161862,2.085986860761317
226.25000000000003,7.363636363636363,3386.9806731434414,1506.1069854262553,1206.6368629967637,41815.42428231524,33500.961664161994,1.2481857894559407,27.763913644209495,299.47012242949125,264.3740973906864,325.70812533059063,1531.224390745593,1.6931706795200399,2.0859813927845954
226.25000000000003,7.505050505050505,3378.7611385111445,1502.9272664506013,1204.0691170793496,41812.58768079892,33498.125062645675,1.2482068056825317,27.82076592405294,298.8581493712516,263.77920882023284,324.96908625106107,1527.79267679944,1.6931553720992967,2.0859231347803617
226.25000000000003,7.646464646464646,3370.3288928455345,1499.822066541486,1201.5444904879123,41807.415331485536,33492.9527133323,1.248245136501314,27.874916807892635,298.27757605357385,263.1866181477652,324.22786272584915,1524.3855618987639,1.6931274563135674,2.0858169018866692
226.25000000000003,7.787878787878787,3361.714842248947,1496.789151389035,1199.0627707246053,41800.11666654536,33485.65404839211,1.2482992449882424,27.926523002758564,297.7263806644294,262.5969332831805,323.4856883956019,1521.0054823686846,1.6930880563106911,2.0856669899469673
226.25000000000003,7.929292929292929,3352.9460289160666,1493.8262936800152,1196.6235779400213,41790.87948739601,33476.41686924276,1.2483677584321262,27.97572894800566,297.2027157399937,262.0106523984728,322.74361070570654,1517.6543552804565,1.6930381778983263,2.085477249094858
226.25000000000003,8.07070707070707,3344.0462238886653,1490.9312924687952,1194.2264048872357,41779.872918538145,33465.4103003849,1.2484494450694847,28.022668200461418,296.70488758155926,261.4281836222138,322.00252203418876,1514.3336764856003,1.6929787250512627,2.085251144935892
226.25000000000003,8.212121212121211,3335.0364131007464,1488.1019873198284,1191.87064855051,41767.24986955278,33452.78725139954,1.2485431947918,28.067464612945248,296.2313387693184,260.8498609113185,321.2631849894145,1511.0445991742522,1.6929105136300402,2.0849918095059
226.25000000000003,8.353535353535353,3325.9352025950525,1485.3362685221541,1189.5556352117867,41753.14908821584,33438.6864700626,1.248648003132453,28.110233334407457,295.7806333103675,260.2759571003861,320.5262532962038,1507.787998297951,1.692834282790278,2.084702083738219
226.25000000000003,8.494949494949495,3316.7591507713328,1482.6320841094127,1187.2806403199804,41737.69689980234,33423.2342816491,1.2487629577703154,28.151081679089206,295.35144378943255,259.7066943475378,319.7922887516144,1504.564521623091,1.6927507046196948,2.084384553414083
226.25000000000003,8.636363636363637,3307.523047991152,1479.9874446800068,1185.0449043381973,41721.008674663964,33406.54605651072,1.248887227194588,28.190109871968954,294.9425403418093,259.1422527937831,319.0617753537177,1501.3746319102925,1.692660392247787,2.0840415794766733
226.25000000000003,8.777777777777779,3298.240147221397,1477.4004262054127,1182.847645210116,41703.19008437646,33388.72746622322,1.2490200510505929,28.227411705496685,294.5527809952967,258.582777496906,318.33513081366993,1498.2186402541524,1.692563906767215,2.0836753239595955
226.25000000000003,8.919191919191919,3288.922363484073,1474.869171649076,1180.688068273635,41684.33816326014,33369.8755451069,1.2491607320175457,28.26307510153743,294.1811033754412,258.0283843813503,317.6127164056774,1495.0967347745648,1.692461763067732,2.0832877718841267
226.25000000000003,9.06060606060606,3279.580438056205,1472.3918913113487,1178.5653739823676,41664.54223011234,33350.079611959096,1.2493086287917508,28.297182615563624,293.82651732898086,257.4791649446858,316.8948449571785,1492.0090028739264,1.692354434886854,2.082880750259059
226.25000000000003,9.202020202020202,3270.224077635826,1469.9668625423583,1176.4787640782383,41643.88468388478,33329.422065731545,1.249463150058697,28.329811878793137,293.4880984641201,256.93519015379604,316.1817875460102,1488.9554494878523,1.69224235915749,2.0824559444707402
226.25000000000003,9.343434343434343,3260.8620765948576,1467.5924287600135,1174.4274462674841,41622.44168408076,33307.97906592752,1.2496237493633633,28.36103598548002,293.1649824925292,256.39651382539097,315.4737792939686,1485.9360129713336,1.6921259397151962,2.0820149122887437
226.25000000000003,9.484848484848484,3251.5024177585315,1465.2669980277878,1172.4106378763188,41600.283751442184,33285.82113328895,1.2497899206049028,28.390923843528252,292.85636015146906,255.8631752725957,314.7710240667656,1482.9505771743538,1.6920055505612397,2.0815590962215995
226.25000000000003,9.626262626262626,3242.1523611560146,1462.9890413505443,1170.4275686206263,41577.47628754341,33263.01366939017,1.2499611941597615,28.419540483475913,292.561472729918,255.33520160389872,314.0736985557751,1479.9989819426207,1.6918815386765937,2.0810898341965234
226.25000000000003,9.767676767676768,3232.818517546074,1460.7570906718993,1168.4774826510031,41554.08003600943,33239.61741785619,1.2501371334583031,28.446947340776518,292.2796080208963,254.81260950763135,313.38195558674016,1477.0810309602568,1.6917542265122,2.080608369032257
226.25000000000003,9.909090909090908,3223.5069167658253,1458.5697367731598,1166.5596400059962,41530.15147979554,33215.688861642295,1.2503173320531324,28.47320250293552,292.01009676716336,254.29540694343913,312.6959271645247,1474.1964993969725,1.6916239141267622,2.0801158565919486
226.25000000000003,10.05050505050505,3214.22306273614,1456.4256272074172,1164.6733177750689,41505.743200789984,33191.28058263674,1.2505014109790862,28.4983609361324,291.75230943234806,253.7835943852935,312.0157268736878,1471.3451391688675,1.691490881116032,2.0796133731574935
226.25000000000003,10.191919191919192,3204.971983894087,1454.323463838545,1162.817810576455,41480.90419336391,33166.44157521067,1.2506890164655966,28.522474693407688,291.50565326209005,253.2771659372313,311.3414520141181,1468.526683709564,1.6913553882890011,2.079101921853874
226.25000000000003,10.333333333333332,3195.75827426996,1452.2620007167045,1160.9924310609692,41455.68014878865,33141.217530635404,1.2508798178723348,28.54559310119654,291.2695696557352,252.77611016740457,310.67318531869864,1465.7408512720247,1.6912176791838118,2.0785824384723997
226.25000000000003,10.474747474747474,3186.586134534349,1450.2400416258145,1159.1965098559192,41430.1137019602,33115.651083806966,1.2510735059114957,28.567762930827865,291.0435317698954,252.28041098447508,310.0109966348458,1462.9873486768167,1.6910779813772883,2.0780557965171464
226.25000000000003,10.616161616161616,3177.4594036343906,1448.2564382669818,1157.429395866356,41404.24466058754,33089.78204243429,1.2512697910034822,28.58902854948316,290.82704240062577,251.7900482349567,309.35494421786416,1460.2658735449702,1.6909365076984362,2.0775228118899753
226.25000000000003,10.757575757575758,3168.381588790649,1446.3100877923287,1155.6904558382653,41378.11020663611,33063.64758848287,1.2514684018423134,28.609432068469037,290.61963195406304,251.304998233098,308.70507587603373,1457.5761162879282,1.6907934572905576,2.07698424700428
226.25000000000003,10.898989898989898,3159.3558925786797,1444.399930814991,1153.979074155267,41351.745079711574,33037.28246155834,1.2516690840969686,28.629013473006182,290.42085665972417,250.8252342541383,308.06143002626254,1454.917761985438,1.6906490165751136,2.076440814527141
226.25000000000003,11.04040404040404,3150.385234008839,1442.524949323606,1152.29465243901,41325.181745838265,33010.71912768502,1.2518715992218472,28.647810746854308,290.2302968845958,250.35072681225049,307.42403644867676,1452.2904910967998,1.6905033601364508,2.0758931808212675
226.25000000000003,11.181818181818182,3141.472272978356,1440.6841648165152,1150.6366091644575,41298.4505454744,32983.987927321155,1.2520757234229474,28.66585998100017,290.04755565205767,249.88144413229728,306.79291723068917,1449.6939814059026,1.6903566514937975,2.075341968959966
226.25000000000003,11.323232323232324,3132.6194271737477,1438.8766364012613,1149.004379184085,41271.57983431699,32957.11721616375,1.2522812466763757,28.683195480566223,289.8722572171763,249.4173523367832,306.1680873411687,1447.1279083585837,1.6902090438348685,2.0747877615945245
226.25000000000003,11.464646464646464,3123.8288896649415,1437.1014589653726,1147.3974131941272,41244.59610928582,32930.13349113258,1.2524879718569057,28.69984986236078,289.7040457712455,248.95841569649377,305.5495552476204,1444.5919458483036,1.6900606806694716,2.0742311035172625
226.25000000000003,11.606060606060606,3115.10264515702,1435.3577615616318,1145.8151772961949,41217.52412501661,32903.06150686336,1.252695713935887,28.715854143689594,289.5425842654369,248.50459686739703,304.93732349265355,1442.0857669749696,1.689911696432379,2.0736725040301547
226.25000000000003,11.747474747474747,3106.4424818815273,1433.6447056616003,1144.2571523927272,41190.387002794436,32875.9243846412,1.2529042992335613,28.731237830495694,289.3875532688733,248.05585695978888,304.3313890450902,1439.6090438731067,1.6897622170461533,2.0731124391589315
226.25000000000003,11.88888888888889,3097.850007898993,1431.961483746279,1142.722833763206,41163.20632785574,32848.743709702496,1.2531135647570415,28.746028992459415,289.2386499830731,247.6121558364665,303.7317439047071,1437.1614489301842,1.6896123604214812,2.0725513536286018
226.25000000000003,12.03030303030303,3089.3266608318636,1430.3073177159501,1141.2117304607086,41136.0022424717,32821.539624318466,1.2533233575670777,28.760254340417944,289.0955872552417,247.1734521446763,303.1383753683088,1434.7426544856469,1.6894622369358425,2.0719896627533947
226.25000000000003,12.171717171717171,3080.873719607701,1428.6814575884785,1139.7233648858225,41108.7935321872,32794.330914033955,1.2535335341937153,28.77393929475096,288.95809270265585,246.73970346860963,302.5512664266807,1432.3523332667744,1.6893119498760756,2.0714277541869333
226.25000000000003,12.313131313131313,3072.492314512394,1427.083180131977,1138.2572722553655,41081.597705118475,32767.135086965234,1.253743960101679,28.78710805162684,288.82590787661167,246.31086642418103,301.97039607374916,1429.990158526807,1.6891615958442372,2.070865989530597
226.25000000000003,12.454545454545453,3064.1834372712433,1425.5117876519366,1136.813000157419,41054.43106647582,32739.968448322583,1.2539545091888817,28.799783644090056,288.69878749451766,245.8868967799648,301.3957396354736,1427.655804361495,1.689011265138717,2.0703047058447797
226.25000000000003,12.595959595959595,3055.9479476650545,1423.966606635149,1135.3901079608538,41027.30878902669,32712.84617087345,1.2541650633125339,28.811988004391996,288.57649867429535,245.46774943713066,300.8272689152098,1425.348945229824,1.6888610421144952,2.0697442170777807
226.25000000000003,12.737373737373737,3047.786585025803,1422.4469870747375,1133.988166728788,41000.24497830781,32685.78236015457,1.254375511852179,28.82374200997453,288.4588203459495,245.05337867590222,300.2649526528699,1423.069257050157,1.6887110055159713,2.069184815387718
226.25000000000003,12.878787878787879,3039.699973752471,1420.9523008245512,1132.6067583233657,40973.252733171685,32658.790115018444,1.2545857513052745,28.83506554681371,288.34554250118543,244.64373808945365,299.7087565894109,1420.8164165065848,1.6885612287854794,2.068626772369451
226.25000000000003,13.020202020202019,3031.6886310498276,1419.4819409788165,1131.2454753123181,40946.3442043022,32631.88158614896,1.2547956848949349,28.84597755154763,288.23646566649836,244.23878070172637,299.15864375071465,1418.5901014353983,1.6884117803620942,2.068070340240948
226.25000000000003,13.16161616161616,3023.75297430286,1418.0353209147534,1129.9039205899596,40919.53065051654,32605.068032363302,1.2550052221912382,28.856496059717305,288.13140032479373,243.83845904825165,298.614574679775,1416.3899910097507,1.6882627239696975,2.067515752985334
226.25000000000003,13.303030303030303,3015.893326639262,1416.6118732366072,1128.5817068616013,40892.82248694313,32578.35986878989,1.2552142787924234,28.866638251106256,288.03016637500576,243.44272519171304,298.0765075709237,1414.2157655855476,1.6881141188613755,2.0669632273262724
226.25000000000003,13.444444444444445,3008.1099234642243,1415.2110490248479,1127.2784563852254,40866.22933528684,32551.766717133596,1.2554227759864394,28.87642049109618,287.9325926396224,243.0515308021624,297.544398485866,1412.0671069151736,1.687966020076842,2.0664129637478377
226.25000000000003,13.585858585858585,3000.402918496208,1413.8323170144174,1125.993800617652,40839.76006862663,32525.29745047339,1.2556306404519055,28.885858370296518,287.8385163967655,242.66482722262626,297.01820153934676,1409.9436983038674,1.6878184786708372,2.0658651474025636
226.25000000000003,13.727272727272727,2992.77238728087,1412.4751628095905,1124.7273798894132,40813.42285618265,32498.960238029413,1.2558378039560747,28.89496674405207,287.74778292017743,242.28256543840592,296.49786896548466,1407.8452242084338,1.687671541942721,2.0653199490201115
226.25000000000003,13.868686868686869,2985.2183353190258,1411.1390882943856,1123.4788432003609,40787.22520313332,32472.76258498008,1.2560442030884986,28.90375976505051,287.66024509402473,241.90469626011125,295.98335143453505,1405.7713711024694,1.6875252536397685,2.0647775257146748
226.25000000000003,14.01010101010101,2977.7407007856677,1409.8236107746525,1122.2478477937293,40761.173989315845,32446.711371162604,1.256249779000494,28.91225092117651,287.5757629809234,241.53117026909143,295.4745980753785,1403.7218269677526,1.6873796541555086,2.064238021770446
226.25000000000003,14.15151515151515,2970.3393597063628,1408.5282624643128,1121.03405899323,40735.27550634536,32420.81288819212,1.2564544771541317,28.920453065724303,287.4942034710827,241.16193789637614,294.9715566571518,1401.696281570073,1.6872347807204104,2.063701569395401
226.25000000000003,14.292929292929292,2963.014130256714,1407.2525898329293,1119.837149911329,40709.5354920976,32395.072873944362,1.2566582470891936,28.928378449053476,287.4154399216001,240.79694946055676,294.4741737143192,1399.6944265099653,1.6870906675790471,2.063168289421611
226.25000000000003,14.434343434343434,2955.764776927823,1405.9961530535077,1118.6568012279035,40683.95916381745,32369.496545664213,1.2568610421982895,28.93603874766018,287.33935182560407,240.4361552129685,293.98239467695794,1397.7159553234405,1.6869473461606366,2.0626382919780353
226.25000000000003,14.575757575757574,2948.5910142395765,1404.7585253968734,1117.4927009074038,40658.55124848839,32344.088630335147,1.257062819521067,28.943445092815153,287.2658244894697,240.07950536619128,293.4961639742989,1395.7605634994793,1.686804845235361,2.0621116771075982
226.25000000000003,14.717171717171716,2941.4925107449617,1403.5392928164829,1116.3445440710163,40633.31601363793,32318.85339548469,1.2572635395324658,28.9506080959793,287.19474874546637,239.72695015170058,293.015425173906,1393.827948665932,1.6866631910741192,2.061588535394189
226.25000000000003,14.858585858585858,2934.468892066909,1402.3380533420527,1115.2120326837344,40608.25729341117,32293.794675257926,1.2574631659661666,28.957537875146116,287.1260206583184,239.3784398310908,292.54012105394196,1391.9178105283552,1.6865224075827316,2.061068948492485
226.25000000000003,15.0,2927.519744624738,1401.1544167042914,1114.0948754400931,40583.37851667534,32268.915898522097,1.2576616656196387,28.964244078203063,287.0595412641982,239.03392475338742,292.0701937350401,1390.0298510681696,1.6863825164484518,2.0605529897006964
300.0,1.0,1148.9814598277017,1706.5400707781782,1418.7666333105483,49306.02264658906,40991.56002843582,1.2028335250569995,28.892390803402364,287.77343746763006,158.61216499797487,201.93382785704338,885.8967054354518,1.755796108433235,2.2353558386707
300.0,1.1414141414141414,1164.259874944352,1772.3884124895196,1472.8205680117258,49192.3865399527,40877.92392179946,1.2033973798194602,27.754856775923308,299.567844477794,162.8262690990987,207.15658278684123,909.7052498111593,1.7552720864171585,2.233154203527227
300.0,1.2828282828282829,1317.1011917411515,1813.0738216314805,1506.9712408270768,49247.32903032843,40932.86641217519,1.2031243679450738,27.162340795375666,306.10258080440406,175.10280260411363,222.84948627692475,978.1525406530366,1.7555256749741799,2.2342189216608053
300.0,1.4242424242424243,1497.5950088893726,1825.2906396818637,1513.9111018558708,48738.94699972478,40424.48438157154,1.2056788786635355,26.702019908577224,311.379537825993,187.92158873044067,238.42814921046573,1051.1751356485065,1.7531628989554044,2.2243499966466658
300.0,1.5656565656565657,1639.9371105777432,1820.0763091951665,1502.4799657293106,47648.39629400976,39333.93367585652,1.2113814165313632,26.17933987343628,317.5963434658557,197.67967488905066,249.14531070991956,1109.0450231079892,1.7479681558085374,2.2030492995012767
300.0,1.7070707070707072,1751.1288090169778,1803.947404006142,1479.3864293213753,46212.74406231813,37898.281444164895,1.2193889089773857,25.61756731914163,324.56097468476696,205.17391562623382,256.30985461018616,1155.7933095768908,1.7408551883836199,2.1747322941617746
300.0,1.8484848484848484,1842.729205131485,1782.5775821758357,1450.9175001711787,44687.84600599259,36373.38338783935,1.228586450963289,25.069229217752234,331.66008200465666,211.22523989560926,261.3661267463245,1195.3181167603054,1.7329378428869342,2.144304592156383
300.0,1.9898989898989898,1923.715418973973,1759.407621063605,1420.9914900009753,43226.45273880282,34911.990120649585,1.238154931569926,24.568753835834457,338.41613106262974,216.40250483083696,265.30654846725884,1230.267968810138,1.724976734988729,2.114798181767475
300.0,2.1313131313131315,2000.2140906885277,1736.324132272152,1391.7898998904072,41901.793011901274,33587.33039374804,1.2475475877565099,24.132471716020344,344.5342323817449,221.07827104127156,268.749685133287,1262.3773415660853,1.717424065943114,2.0877545983538863
300.0,2.2727272727272725,2076.59567460586,1714.3729702469216,1364.5416729856088,40745.611059616014,32431.148441462774,1.2563727471187334,23.767063390965276,349.8312972613129,225.51115533746736,272.09649669403836,1292.8605312134464,1.7105549423915878,2.063915669851984
300.0,2.4141414141414144,2156.0356281404584,1694.1288251576661,1339.9311468072747,39768.105913937914,31453.643295784674,1.264340208222159,23.474074299064505,354.19767835039147,229.8836848266307,275.61033871539576,1322.5825450801333,1.704535453148966,2.0435882344111658
300.0,2.5555555555555554,2240.424481746145,1675.8314381310338,1318.2290945755226,38964.05629820356,30649.593680050322,1.271274807260009,23.250582016564934,357.602343555511,234.30341406278336,279.4310378540356,1352.0584086221372,1.6994321849308112,2.0267485264662937
300.0,2.696969696969697,2329.9748554220882,1659.4220694748012,1299.3051323559678,38313.11816315332,29998.655545000078,1.2771611749626899,23.088229852986846,360.11693711883356,238.79038799324857,283.56222159886283,1381.3935662587953,1.6951966590926497,2.0130363484851523
300.0,2.8383838383838382,2423.2591953227447,1644.6164652698144,1282.70721441858,37783.2345802789,29468.77196212566,1.2821448626647658,22.97388806336693,361.90925085123433,243.28698462715292,287.88999616094696,1410.333522542582,1.6916780815736685,2.0018218284721434
300.0,2.9797979797979797,2518.065766605757,1631.0662827083247,1267.8857844691618,37340.77050133347,29026.30788318023,1.2864457529912439,22.893472139789754,363.180498239163,247.70367139487428,292.2561519052509,1438.4776900749764,1.6886902215062731,1.9924214409833798
300.0,3.121212121212121,2612.5558410185417,1618.5883306793,1254.5453977726668,36967.32157979732,28652.858961644077,1.2901791625500034,22.83923643776835,364.04293290663344,251.9673453648659,296.5482159826944,1465.457549331107,1.6861324768842363,1.9844618246322332
300.0,3.2626262626262625,2711.5685070449244,1611.4764488440196,1249.7603551352781,37041.64931278019,28727.186694626947,1.2894283629837082,22.986156167129675,361.71609370874137,256.0061236617974,301.4509065786486,1488.4955937078068,1.686644195132761,1.9860478898937295
300.0,3.404040404040404,2811.4219186585033,1609.2391988874092,1252.8275748217184,37540.74855973313,29226.285941579892,1.284485775400026,23.328258835409887,356.4116240656909,259.63249444507164,306.7380390773761,1506.5415674370915,1.690046299871563,1.9966741415807352
300.0,3.5454545454545454,2904.363282996391,1606.8542542430494,1255.4702661191372,38021.452545563974,29706.989927410734,1.2798823656812655,23.662041809432786,351.38398812391205,262.8540119837808,311.53585307022627,1522.3328403361188,1.6932678769851703,2.006869320927602
300.0,3.686868686868687,2990.4262792188756,1604.2720986423305,1257.5827647113497,38474.38928179825,30159.92666364501,1.2756791391066462,23.98245865795366,346.68933393098087,265.70862384403034,315.8638231669272,1536.1556463699487,1.696254856841852,2.0164401756942585
300.0,3.8282828282828283,3069.61453420098,1601.521187469453,1259.2036090569716,38898.93153354241,30584.46891538917,1.2718524438385672,24.288739879243312,342.31757841248157,268.2209657087694,319.74413555354874,1548.1633375677018,1.6990126749160777,2.0253798490361725
300.0,3.9696969696969697,3141.7431523987125,1598.6120695951258,1260.3540361586706,39294.263490342804,30979.800872189564,1.2683833460536247,24.58023696786845,338.25803343645526,270.4036705355724,323.1850066984355,1558.4390926765882,1.701544942063367,2.03367732549361
300.0,4.111111111111111,3206.464500248793,1595.535873575576,1261.0318806892592,39658.78930860817,31344.326690454927,1.2652621222418916,24.85609378354704,334.5039928863167,272.26023712375945,326.18262758195993,1567.0165543313724,1.7038498074635573,2.0413050876424856
300.0,4.252525252525253,3263.37847196945,1592.2726311175672,1261.2211795139087,39990.43413102257,31675.97151286933,1.2624848495893877,25.11531841312534,331.0514516036586,273.79037249340047,328.7280469537086,1573.9091285926677,1.7059220939986575,2.0482255570505017
300.0,4.393939393939394,3312.2120481752736,1588.803941516653,1260.9084541166117,40287.38267812184,31972.920059968597,1.26004702112158,25.35705106551032,327.8954874000412,274.99732823212946,330.81755140136517,1579.1480284410964,1.7077579177740811,2.054406478696503
300.0,4.535353535353535,3352.996419026735,1585.1252439399366,1260.0989770182782,40548.92150918471,32234.458891031467,1.2579370929184903,25.580894420933962,325.02626692165825,275.89446760056,332.46249384320714,1582.8152350416376,1.7093596402133808,2.0598382193116307
300.0,4.6767676767676765,3386.143425855336,1581.2518447233692,1258.8248805220787,40775.93009445233,32461.467476299087,1.2561332947816926,25.787119382988507,322.4269642012905,276.50760620389144,333.69332514459643,1585.0542499197084,1.7107384914533685,2.0645436250494407
300.0,4.818181818181818,3412.383516486639,1577.2164170591234,1257.1417735404846,40970.77730436345,32656.31468621021,1.2546050495301049,25.97663634566874,320.0746435186389,276.872191758185,334.55604731859313,1586.0547127907996,1.7119136290877364,2.06857558883571
300.0,4.959595959595959,3432.6195094468662,1573.061155350136,1255.1180379929224,41136.78660806812,32822.323989914876,1.2533173038176084,26.150786616373974,317.94311735721357,277.0277150677808,335.10426780097845,1586.0236363580282,1.7129087988926937,2.0720058594944097
300.0,5.101010101010101,3447.780593651453,1568.8296488694161,1252.8236583995056,41277.62087794108,32963.158259787844,1.2522350119677748,26.3110917795874,316.00599046991067,277.012528847341,335.39148068468126,1585.1594093206913,1.713748724606152,2.074912368255717
300.0,5.242424242424242,3458.7251509465464,1564.5614247072488,1250.3226656082743,41396.82678493444,33082.364166781204,1.2513261318398152,26.45906139011472,314.23875909897464,276.8606917609003,335.46611358543026,1583.6364377141276,1.7144565748790561,2.077369959699312
300.0,5.383838383838384,3466.1962869785116,1560.2894901270404,1247.6696852837865,41497.590485872286,33183.12786771904,1.250562956310145,26.596084091096138,312.61980484325375,276.6007919727567,335.36944347547825,1581.5998686594041,1.7150527199390997,2.0794455146525106
300.0,5.525252525252525,3470.813458742976,1556.039939334856,1244.9093411208605,41582.65365804553,33268.19103989229,1.249922293886772,26.72338453974416,311.13059821399554,276.2560313426258,335.13541877401883,1579.1665835143713,1.7155544184180151,2.0811963657476427
300.0,5.666666666666666,3473.0826159873345,1551.8326124072576,1242.0771317343572,41654.32107113014,33339.8584529769,1.2493850605238803,26.842019389265502,309.7554806729001,275.8448929401653,334.7914178473529,1576.4289880995796,1.7159760063869087,2.082670569126423
300.0,5.808080808080808,3473.4131426011513,1547.6821376501393,1239.2008532544787,41714.50888336805,33400.04626521481,1.2489356617093224,26.9528915974333,308.48128439566085,275.38197092802466,334.3593166792135,1573.4594893503477,1.7163292880939254,2.0839079843523804
300.0,5.949494949494949,3472.1354829511606,1543.598976489779,1236.3020542160239,41764.804842433594,33450.34222428035,1.2485613618660703,27.05677153104159,307.29692227375523,274.8787560037109,333.85654505910856,1570.314644697482,1.716623965563985,2.084941574390424
300.0,6.090909090909091,3469.516837499714,1539.5903477314957,1233.3973311522961,41806.526277100784,33492.06365894755,1.2482517262244601,27.154318250111448,306.1930165791997,274.3443027586015,333.2970055396904,1567.0386461790392,1.716868032072932,2.085798641498447
300.0,6.232323232323232,3465.7742052937647,1535.6610004173774,1230.4994127232858,41840.77058520724,33526.307967054,1.2479981579338764,27.246098308048023,305.1615876940917,273.7857687365777,332.6918272558323,1563.6661125388919,1.717068105173111,2.086501895510804
300.0,6.373737373737374,3461.084844421853,1531.8138164408801,1227.618019294476,41868.45720501071,33553.99458685747,1.247793525645077,27.33260188388346,304.1957971464043,273.2088361469069,332.0499630699232,1560.2242585908455,1.7172296983895805,2.0870703377479
300.0,6.515151515151515,3455.5945024543257,1528.0502606717387,1224.760523074969,41890.36157862339,33575.89896047015,1.2476318691553754,27.414256361049393,303.28973759676956,272.61803612991207,331.3786536369479,1556.734553109865,1.7173574381532501,2.087519973907478
300.0,6.656565656565657,3449.423849440298,1524.3707504276433,1221.9324797619872,41907.14221695919,33592.679598805946,1.2475081689657403,27.491436847107344,302.43827066565603,272.0170005595969,330.683790105222,1553.2140018908838,1.7174552349452574,2.087864380753371
300.0,6.797979797979798,3442.6734927966468,1520.7749245604384,1219.13802984594,41919.362261206894,33604.89964305365,1.2474181654005294,27.56447491618339,301.6368947144984,271.408654374823,329.97019361037695,1549.6761224464215,1.7175264185028962,2.0881151566436946
300.0,6.9393939393939394,3435.4278925565523,1517.2618508983105,1216.3802111361008,41927.50661427517,33613.04399612192,1.2473582166230621,27.633665599284367,300.8816397622095,270.7953640175584,329.2418324200454,1546.1316932737798,1.7175738445150364,2.088282278895313
300.0,7.08080808080808,3427.758430064036,1513.8301833756402,1213.6612003825428,41931.99558596056,33617.53296780732,1.2473251867147808,27.699273040294244,300.16898299309725,270.17905225504467,328.5019910170514,1542.589331056583,1.7175999791092462,2.088374388017338
300.0,7.222222222222222,3419.7258215224224,1510.4782819426582,1210.982501429011,41933.1958173357,33618.73319918246,1.247316356892217,27.761535083711713,299.4957805136472,269.5612873751229,327.7534023372219,1539.0559370945405,1.7176069661429505,2.0883990149819223
300.0,7.363636363636363,3411.382033413213,1507.2043034298329,1208.3450915397273,41931.42904825393,33616.966430100685,1.2473293548197277,27.82066701430834,298.8592118901053,268.94335309235424,326.99835199505634,1535.5370459372164,1.7175966809666747,2.088362763423315
300.0,7.505050505050505,3402.771804168425,1504.006270658359,1205.7495360171326,41926.97921775104,33612.5165995978,1.2473620977922468,27.876864635277123,298.2567346412265,268.32630334331867,326.2387605790505,1532.0370973072575,1.717570773780042,2.0882714570395997
300.0,7.646464646464646,3393.933865889283,1500.882124993318,1203.1960782224573,41920.09823059285,33605.63561243961,1.2474127468987826,27.930306805925532,297.6860467708608,267.71100572950724,325.47624927450676,1528.5596508621536,1.7175307047104744,2.0881302591937136
300.0,7.787878787878787,3384.901925963199,1497.8297659579098,1200.6847104115016,41911.01068302732,33596.54806487408,1.2474796696999415,27.98115756247099,297.1450555464081,267.09817589966093,324.71219221372996,1525.1075552149946,1.7174777724559638,2.087943770840397
300.0,7.929292929292929,3375.7054679932658,1494.8470815662806,1198.2152299867591,41899.917737614785,33585.45511946155,1.2475614098001404,28.02956787640955,296.6318515795215,266.4884052903687,323.9477588959302,1521.6830839254023,1.717413137694385,2.0877161107565496
300.0,8.07070707070707,3366.3704014584227,1491.9319701028305,1195.7872833620554,41887.000340160914,33572.53772200768,1.2476566617334646,28.0756771619244,296.1446867407753,265.88218316933006,323.18394823550125,1518.2880427606276,1.7173378424535177,2.0874509820949414
300.0,8.212121212121211,3356.9195935466605,1489.0823574216538,1193.4004017418713,41872.42189896133,33557.95928080809,1.2477642501613113,28.11961453325082,295.6819556797826,265.2799144914642,322.4216163331563,1514.9238561539082,1.7172528261931452,2.0871517277712717
300.0,8.353535353535353,3347.373311888745,1486.2962088851696,1191.0540288923405,41856.33051679396,33541.86789864072,1.2478831126304146,28.161499885806247,295.24217999282894,264.6819344905937,321.66149928818146,1511.5916376013865,1.7171589391636097,2.0868213765722614
300.0,8.494949494949495,3337.7495875101627,1483.5715381482898,1188.7475435083456,41838.860878180516,33524.39826002727,1.2480122850725994,28.201444825775923,294.8239946399441,264.0885204104441,320.90423176366966,1508.2922457252455,1.717056953666028,2.0864626821123737
300.0,8.636363636363637,3328.06451942948,1480.9064132433232,1186.480276965802,41820.135839737515,33505.67322158428,1.2481508896468638,28.239553469248282,294.42613627752115,263.4999011895242,320.1503624012315,1505.0263303684635,1.7169475735136244,2.086078155638243
300.0,8.777777777777779,3318.3325263108804,1478.298960614358,1184.2515275107557,41800.26778928643,33485.805171133194,1.2482981244040925,28.275923140685215,294.04743310360243,262.9162652650417,319.4003664285898,1501.7943692938452,1.7168314420926816,2.0856700940420594
300.0,8.919191919191919,3308.5665629554715,1475.7473675353262,1182.06057143233,41779.35979425987,33464.897176106635,1.248453254596868,28.310644974441917,293.6867961029963,262.33776720630203,318.654656371796,1498.5966994122787,1.7167091491544246,2.085240603515284
300.0,9.06060606060606,3298.778299239158,1473.2498833563993,1179.9066720258443,41757.506597151965,33443.04397899873,1.2486156051875683,28.343804448176055,293.3432113305552,261.76453302609724,317.91359081245685,1495.4335413566334,1.7165812366837807,2.0847916200359404
300.0,9.202020202020202,3288.978271310329,1470.8048197720716,1177.7890866388084,41734.79547268126,33420.332854528024,1.2487845544311127,28.375481852955062,293.01573313326344,261.19666455125616,317.1774816878542,1492.3050194848317,1.716448203937447,2.0843249269964748
300.0,9.343434343434343,3279.1760141660625,1468.4105504188922,1175.7070721881214,41711.30696278896,33396.84434463573,1.248959528401932,28.40575270375851,292.7034782307709,260.63424321397184,316.44660061048717,1489.211179279901,1.7163105117503952,2.0838421703075087
300.0,9.484848484848484,3269.38017121889,1466.0655099140952,1173.6598894955523,41687.11552293925,33372.65290478601,1.2491399962081187,28.434688109797992,292.4056204185427,260.0773330426725,315.72118401053183,1486.15200069944,1.7161685863105305,2.0833448716683813
300.0,9.626262626262626,3259.5985905910197,1463.768192517998,1171.646806624828,41662.29008232699,33347.82746417375,1.2493254658668735,28.46235510190916,292.12138589316993,259.52598324979436,315.00143759220964,1483.1274097205664,1.7160228224196261,2.0828344400604504
300.0,9.767676767676768,3249.8384054186977,1461.5171505168234,1169.6671014657836,41636.894539760186,33322.43192160694,1.2495154806742057,28.488816929063404,291.85004905103955,258.98023027945334,314.28753998489515,1480.1372871775804,1.7158735863704342,2.082312181912551
300.0,9.909090909090908,3240.106107533876,1459.3109923498607,1167.7200635785223,41610.98819253002,33296.52557437678,1.2497096160853374,28.514133320907682,291.59092877133844,258.4400996932081,313.5796460450065,1477.1814770594256,1.7157212184257853,2.0817793098847206
300.0,10.05050505050505,3230.4076077524132,1457.1483808346964,1165.8049957674325,41584.626123416085,33270.16350526284,1.249907476915105,28.538360725896165,291.3433850672636,257.90560761270865,312.8778895205159,1474.2597925258267,1.7155660350486444,2.081236950788384
300.0,10.191919191919192,3220.748290102526,1455.0280308883025,1163.921214868224,41557.85953961137,33243.39692145813,1.2501086949025468,28.561552531905566,291.1068160200785,257.3767619671297,312.1823853681646,1471.3720210847569,1.7154083308476613,2.0806861525161207
300.0,10.333333333333332,3211.1330598018258,1452.9487076421017,1162.0680525619755,41530.7360761293,33216.27345797606,1.250312926544044,28.583759259834366,290.8806550801261,256.85356359561547,311.493231811324,1468.517929150062,1.7152483803127943,2.080127890239992
300.0,10.474747474747474,3201.5663824102326,1450.909224285278,1160.244855734329,41503.300070091325,33188.83745193809,1.2505198511455455,28.605028747085104,290.6643685509492,256.33600703126206,310.810511942355,1465.6972649511856,1.7150864393793126,2.07956307201065
300.0,10.616161616161616,3192.052324024003,1448.9084400694828,1158.4509866960036,41475.59280082984,33161.1301826766,1.2507291691311753,28.625406308517928,290.4574533734791,255.82408140688085,310.134295394455,1462.9097623339958,1.7149227467907282,2.0789925436533228
300.0,10.757575757575758,3182.5945818218197,1446.9452583546756,1156.6858232925533,41447.6527129229,33133.190094769656,1.2509406004786046,28.644934888589436,290.25943506212207,255.3177710154667,309.46463955199107,1460.1551426930562,1.71475752536192,2.0784170933132753
300.0,10.898989898989898,3173.1965135432006,1445.0186242703178,1154.948758506491,41419.515613569296,33105.05299541606,1.2511538833453766,28.66365520685566,290.06986576382695,254.81705584430182,308.8015906698097,1457.4331168994624,1.7145909830920243,2.0778374554741164
300.0,11.04040404040404,3163.861164487449,1443.1275233951349,1153.2392007547476,41391.214855459104,33076.75223730586,1.2513687728015725,28.681605876437853,289.8883226403872,254.32191213127967,308.1451849834904,1454.7433874439237,1.7144233141931722,2.0772543146788016
300.0,11.181818181818182,3154.591288435357,1441.2709794904272,1151.556573296375,41362.7815027456,33048.31888459236,1.2515850396865291,28.69882353238649,289.71440619405206,253.83231262879323,307.49544942510244,1452.0856490057022,1.714254700021059,2.0766683089041664
300.0,11.323232323232324,3145.3893723139777,1439.4480528837867,1149.9003140253776,41334.24447955464,33019.781861401396,1.2518024695939156,28.71534293769457,289.5477388584088,253.34822711092474,306.8524025932602,1449.4595905126823,1.7140853099040647,2.0760800325774005
300.0,11.464646464646464,3136.257653336919,1437.6578387408047,1148.2698751104492,41305.63071093658,32991.16809278334,1.2520208619097666,28.731197088672204,289.3879636303553,252.86962258732513,306.21605534748807,1446.8648955721908,1.7139153019296283,2.0754900394385936
300.0,11.606060606060606,3127.198137122334,1435.899465468042,1146.664722637358,41276.965250502784,32962.50263234954,1.2522400289471163,28.746417310663354,289.23474283068407,252.39646359575337,305.58641146664655,1444.3012434278417,1.7137448236538582,2.0748988451307873
300.0,11.747474747474747,3118.2126136402185,1434.1720931112295,1145.084336170502,41248.271398144294,32933.80877999106,1.25245979515144,28.76103334897705,289.0877569407277,251.92871242886014,304.9634682036464,1441.7683095982547,1.71357401275445,2.0743069295874816
300.0,11.88888888888889,3109.302672872958,1432.4749119846285,1143.528208438449,41219.57081000248,32905.10819184924,1.2526799963603454,28.77507345164925,288.94670354617966,251.46632938799735,304.3472168534813,1439.2657667167014,1.7134029976398435,2.0737147392623787
300.0,12.03030303030303,3100.469715786668,1430.8071411678784,1141.995844856621,41190.88360105581,32876.420982902564,1.2529004791147187,28.78856445141465,288.81129631125714,251.0092728532291,303.7376430804428,1436.7932843624985,1.713231898016775,2.073122689208868
300.0,12.171717171717171,3091.714970560274,1429.1680272414317,1140.4867631670513,41162.22843785608,32847.765819702836,1.2531211000404185,28.801531837587408,288.68126407438024,250.55749960784854,303.13472753052645,1434.350530404268,1.7130608254014255,2.0725311649582467
300.0,12.313131313131313,3083.0395020393703,1427.5568430302308,1139.0004930611472,41133.62262842392,32819.16001027067,1.2533417252468146,28.813999827222883,288.5563499690836,250.110964899168,302.538446115835,1431.9371708534122,1.71288988361593,2.071940524341325
300.0,12.454545454545453,3074.4442231452144,1425.9728863860869,1137.5365757757688,41105.082204352206,32790.61958619897,1.2535622297802709,28.82599143138467,288.43631061031823,249.66962259882473,301.94877040117206,1429.5528703309128,1.7127191692406618,2.0713510991511757
300.0,12.595959595959595,3065.9299050368827,1424.4154790733237,1136.0945637364093,41076.62199821573,32762.159380062487,1.253782497108937,28.83752851726856,288.3209153369143,249.23342533360216,301.3656679430041,1427.1972923931776,1.712548772040715,2.0707631967109164
300.0,12.737373737373737,3057.4971865996786,1422.883965675297,1134.6740201797504,41048.25571593504,32733.7930977818,1.2540024186416903,28.848631867499922,288.20994549554655,248.80232460302912,300.7891026000038,1424.8700998113407,1.712378775364401,2.0701771013391923
300.0,12.878787878787879,3049.1465839488164,1421.3777126333548,1133.274518850784,41019.99600492155,32705.53338676831,1.2542218932750087,28.859321234835406,288.1031937825706,248.3762709199943,300.2190348607974,1422.5709550070349,1.7122092565186084,2.0695930757303276
300.0,13.020202020202019,3040.8784963568028,1419.8961071797285,1131.8956435846976,40991.85451801077,32677.39189985753,1.2544408269678797,28.86961539702431,288.0004635950308,247.955213807031,299.65542198682584,1420.2995196857648,1.7120402871210598,2.0690113622493245
300.0,13.16161616161616,3032.6932180345534,1418.4385566488215,1130.5369881747183,40963.8419752642,32649.37935711096,1.2546591323287244,28.879532203386145,287.90156847410304,247.53910207101924,299.09821848553827,1418.0554560784926,1.7118719334417845,2.0684321841845144
300.0,13.303030303030303,3024.590942506374,1417.0044873900085,1129.1981558668554,40935.96821796055,32621.50559980731,1.2548767282587456,28.889088624807975,287.8063315231533,247.12788375748744,298.54737617919284,1415.8384263897815,1.711704256699679,2.067855746840473
300.0,13.444444444444445,3016.5717705123716,1415.5933440572826,1127.878759161811,40908.24226358527,32593.77964543203,1.2550935395833573,28.898300797555816,287.7145848954714,246.7215062829937,298.0028444891076,1413.6480932632783,1.7115373133669336,2.067282238653178
300.0,13.585858585858585,3008.6357165341988,1414.2045888380053,1126.5784195352649,40880.672356130926,32566.209737977686,1.2553094967160756,28.90718406572342,287.62616930274027,246.31991651669543,297.464570647729,1411.4841199817945,1.7113711554470816,2.066711832209757
300.0,13.727272727272727,3000.782714974303,1412.8377007251643,1125.2967671737322,40853.266013674496,32538.803395521256,1.2555245353397868,28.915753021529525,287.540933551432,245.92306085881506,296.9324999001405,1409.3461706651485,1.7112058307384428,2.0661446852134415
300.0,13.868686868686869,2993.012625915024,1411.4921748233578,1124.0334407168473,40826.03007301987,32511.567454866632,1.255738596107234,28.924021543462736,287.45873410651063,245.53088531230003,296.4065756902509,1407.2339104454875,1.7110413830815225,2.0655809413892023
300.0,14.01010101010101,2985.325240727451,1410.1675217120885,1122.788087032663,40798.97073250236,32484.508114349122,1.2559516243523035,28.93200283252036,287.3794346794256,245.14333555887114,295.8867398473965,1405.147005678567,1.7108778525969657,2.065020731352742
300.0,14.15151515151515,2977.7202870635715,1408.8632667861725,1121.5603609498596,40772.09359120354,32457.6309730503,1.2561635698260534,28.93970944690096,287.30290583631285,244.7603570159982,295.37293274176403,1403.0851240650954,1.7107152759033737,2.0644641734065114
300.0,14.292929292929292,2970.197433984669,1407.5789497291219,1120.3499250927557,40745.40368766211,32430.94106950887,1.2563743864334047,28.947153334101266,287.22902463636615,244.38189491416972,294.8650934621841,1401.0479348923318,1.7105536863335191,2.0639113743264934
300.0,14.434343434343434,2962.7562963829337,1406.3141239164324,1119.156449634137,40718.90553476672,32404.442916613483,1.2565840319967507,28.954345862195414,287.1576742822955,244.00789434733736,294.36315995313515,1399.0351091421544,1.7103931141289006,2.0633624300711504
300.0,14.575757575757574,2955.3964400364407,1405.068355886,1117.9796120952785,40692.60315367944,32378.1405355262,1.2567924680242333,28.961297849469915,287.0887437907214,243.63830035891246,293.8670691917869,1397.04631980895,1.7102335866297325,2.062817426471399
300.0,14.717171717171716,2948.1173833439043,1403.841224910176,1116.819097215071,40666.500106002706,32352.037487849466,1.2569996594890174,28.96801959110777,287.0221276951051,243.2730579045404,293.37675721211093,1395.081241520758,1.7100751284555658,2.062276439885267
300.0,14.858585858585858,2940.918604436918,1402.6323223681648,1115.6745966344947,40640.59952220063,32326.13690404739,1.2572055746355584,28.974520887686513,286.95772573367003,242.9121120268945,292.8921593767308,1393.139551395642,1.7099177616643728,2.0617395377759298
300.0,15.0,2933.799542871719,1401.4412514299743,1114.5458088408122,40614.904131602256,32300.441513449015,1.2574101847707353,28.98081106871975,286.8954425891621,242.55540783345347,292.41321041332947,1391.2209287614785,1.7097615059223648,2.061206779323487
